age,monthly_income,employment_years,credit_score,existing_emi,loan_amount,loan_term_months,employment_type,city_tier,loan_approved
59,34456,11,681,20710,444813,72,Self-employed,Tier 1,1
49,49367,3,579,22219,585888,72,Self-employed,Tier 3,0
35,72624,7,707,5057,971251,60,Salaried,Tier 2,1
28,159178,8,827,18733,915847,72,Self-employed,Tier 3,0
41,86008,4,752,19157,1871294,60,Salaried,Tier 3,1
59,143926,19,615,35030,521769,60,Salaried,Tier 2,1
39,133395,17,657,19613,730175,24,Salaried,Tier 2,1
43,134492,10,817,43076,789860,24,Self-employed,Tier 1,1
31,90240,14,771,49544,668636,60,Self-employed,Tier 2,1
31,82315,8,841,17492,155736,84,Salaried,Tier 3,1
44,218321,16,567,20746,1909722,48,Salaried,Tier 3,1
56,219659,11,639,5188,462106,36,Self-employed,Tier 2,1
60,28756,6,730,41570,505040,12,Salaried,Tier 1,1
44,217083,9,804,29680,185797,24,Self-employed,Tier 3,1
23,54378,9,802,37825,486421,60,Salaried,Tier 2,1
42,153327,12,806,36766,1774620,12,Salaried,Tier 1,1
22,163556,18,636,8864,535077,24,Self-employed,Tier 1,1
44,143703,10,639,36445,1025415,36,Self-employed,Tier 3,1
50,74549,12,786,5796,1065582,48,Self-employed,Tier 3,1
58,183575,20,619,47218,685861,60,Self-employed,Tier 1,0
22,91794,7,593,39131,325236,36,Self-employed,Tier 1,0
41,249804,7,749,8123,408062,84,Salaried,Tier 1,1
53,63113,3,701,8222,1007274,24,Salaried,Tier 2,1
32,92069,14,635,24074,75457,60,Self-employed,Tier 3,0
42,247189,10,568,46422,908099,12,Self-employed,Tier 1,0
45,154321,10,650,29825,1451471,84,Salaried,Tier 3,1
47,168273,0,644,36839,112894,84,Salaried,Tier 3,1
48,143541,16,803,41576,635593,72,Self-employed,Tier 3,1
36,207648,14,579,2786,1766548,48,Self-employed,Tier 1,1
35,27686,19,798,33638,808201,84,Salaried,Tier 2,1
23,71363,5,582,36964,259699,24,Self-employed,Tier 1,0
57,115543,14,778,44564,1068143,48,Salaried,Tier 3,1
27,149733,8,561,25988,1937145,60,Salaried,Tier 1,0
41,193915,13,667,35507,50559,72,Self-employed,Tier 1,1
29,113673,17,704,33708,1951257,36,Salaried,Tier 3,1
59,210035,16,795,33108,87361,48,Salaried,Tier 3,1
38,60828,17,796,29715,917152,12,Salaried,Tier 1,1
24,66604,4,578,23806,851693,24,Self-employed,Tier 1,0
45,28526,19,710,36901,1905380,12,Salaried,Tier 1,0
34,86910,19,784,17043,1416075,48,Self-employed,Tier 1,1
29,43592,8,739,10225,1851612,72,Salaried,Tier 2,1
46,46982,10,666,9752,410704,36,Salaried,Tier 1,1
22,18207,0,820,3457,1811856,36,Salaried,Tier 2,1
40,106733,17,807,42616,293950,12,Salaried,Tier 3,1
48,248008,5,729,9241,1524336,60,Salaried,Tier 2,1
27,142982,1,721,453,50037,60,Self-employed,Tier 3,1
28,86619,14,823,9896,748392,72,Self-employed,Tier 2,1
55,178400,20,808,21826,1570025,36,Salaried,Tier 3,1
34,64479,13,684,10976,353564,12,Self-employed,Tier 1,1
37,169175,4,720,48640,1606026,12,Self-employed,Tier 2,1
56,188963,5,759,33586,671531,12,Salaried,Tier 2,1
60,159826,5,785,4868,703668,48,Self-employed,Tier 3,1
24,249055,17,735,16396,1357006,72,Self-employed,Tier 3,1
22,99437,13,644,31634,608888,60,Self-employed,Tier 2,1
26,116540,9,560,12171,753645,60,Self-employed,Tier 3,1
24,90982,13,617,24111,767368,48,Salaried,Tier 1,0
49,120747,12,759,33688,1974528,24,Self-employed,Tier 2,0
38,204994,2,745,21304,1890175,48,Salaried,Tier 1,1
46,66231,5,647,42274,1355927,72,Salaried,Tier 2,0
54,47301,7,642,39243,574720,12,Self-employed,Tier 1,0
30,240724,11,571,28253,835838,48,Salaried,Tier 2,1
56,211783,12,721,30980,643975,12,Self-employed,Tier 3,1
34,190395,10,683,2017,818576,72,Salaried,Tier 2,1
51,36752,11,574,7957,908379,84,Self-employed,Tier 1,1
35,246984,0,734,48998,932756,72,Self-employed,Tier 2,1
28,231277,16,634,42188,1935911,36,Salaried,Tier 1,1
34,116452,15,604,4792,1583951,12,Self-employed,Tier 1,1
43,162467,10,800,13237,235221,60,Self-employed,Tier 1,1
60,235029,12,693,16251,793000,48,Self-employed,Tier 3,1
41,139237,17,716,19252,1286416,84,Self-employed,Tier 2,1
36,74273,10,773,10707,503400,72,Salaried,Tier 1,1
38,109878,11,769,34206,902224,12,Salaried,Tier 3,1
44,22895,5,728,28740,345583,84,Salaried,Tier 1,1
46,137968,8,668,3543,1262905,24,Self-employed,Tier 2,1
45,133700,15,814,44135,1072697,36,Salaried,Tier 3,1
49,94559,3,699,48288,1274322,24,Self-employed,Tier 1,0
35,28699,2,764,39111,1411968,72,Self-employed,Tier 1,0
21,214133,15,746,35031,1575394,24,Self-employed,Tier 1,1
45,27715,11,591,42929,750731,24,Salaried,Tier 2,0
27,37169,10,602,211,1852218,36,Salaried,Tier 3,1
29,136413,4,800,46577,1559788,36,Salaried,Tier 3,1
44,165235,17,844,39795,1791233,36,Salaried,Tier 3,1
21,137264,18,820,331,1021777,84,Self-employed,Tier 1,1
28,23782,5,672,23244,1553048,36,Salaried,Tier 3,0
44,237249,17,815,8169,609031,24,Salaried,Tier 1,1
31,142481,5,578,22104,249824,60,Salaried,Tier 2,1
37,233400,3,584,41901,654091,60,Salaried,Tier 3,1
28,53585,11,555,14591,1960125,36,Self-employed,Tier 1,1
55,48682,18,660,31711,1299699,84,Salaried,Tier 3,1
55,196936,1,843,48893,72076,48,Salaried,Tier 3,1
53,147992,16,626,727,291424,12,Salaried,Tier 2,1
25,102416,10,696,21359,256384,72,Self-employed,Tier 3,1
59,204186,10,616,43822,300699,84,Salaried,Tier 2,1
48,145810,20,557,36011,923915,48,Salaried,Tier 3,1
27,56067,15,671,49800,708323,72,Salaried,Tier 3,1
29,191757,1,724,37863,1479937,48,Self-employed,Tier 3,1
28,36073,1,728,46577,194938,48,Self-employed,Tier 3,1
32,54035,7,634,22998,940936,60,Salaried,Tier 3,1
54,214049,12,594,10929,213377,12,Salaried,Tier 3,1
53,108373,9,685,14842,1029907,48,Self-employed,Tier 2,1
43,101362,7,565,23519,263968,36,Self-employed,Tier 2,0
44,108517,3,744,17393,1990657,72,Self-employed,Tier 1,1
57,83450,14,558,34318,438388,84,Self-employed,Tier 3,0
55,28382,0,564,8995,344957,60,Self-employed,Tier 2,0
60,153509,10,651,28656,1951737,72,Salaried,Tier 3,1
42,220043,6,775,47934,1028190,36,Salaried,Tier 3,1
47,213684,16,827,40260,840944,36,Salaried,Tier 2,1
55,239427,19,662,45269,300703,48,Salaried,Tier 3,1
21,79929,17,550,15567,1514458,36,Self-employed,Tier 2,0
55,246590,11,815,28840,1246278,12,Self-employed,Tier 2,1
57,116864,8,757,23831,167907,36,Self-employed,Tier 1,1
34,161401,4,659,13265,255591,48,Self-employed,Tier 1,1
23,43169,9,749,5424,443852,72,Self-employed,Tier 1,1
21,105468,3,561,20625,1035461,36,Salaried,Tier 1,0
25,52594,4,737,14086,1687455,60,Salaried,Tier 3,1
46,226029,9,703,29187,573869,84,Salaried,Tier 3,1
34,209703,10,828,35929,1308209,60,Salaried,Tier 1,1
59,63033,20,720,20539,1566608,60,Salaried,Tier 2,1
47,81133,9,683,25103,1856423,72,Self-employed,Tier 2,1
29,222237,7,574,27874,847783,24,Self-employed,Tier 2,1
35,91861,1,567,9215,1743397,84,Self-employed,Tier 2,0
35,201362,7,739,39385,677915,60,Self-employed,Tier 3,1
46,243103,15,690,22044,1546976,60,Self-employed,Tier 2,1
33,49750,4,592,11926,1226957,24,Salaried,Tier 2,1
52,244227,2,833,47860,1865128,72,Salaried,Tier 1,1
59,58461,11,695,31501,1456427,84,Salaried,Tier 2,0
52,222872,12,641,29774,1036684,60,Self-employed,Tier 3,1
24,96222,12,728,25008,1442398,48,Self-employed,Tier 2,1
50,130020,9,605,48928,647597,72,Self-employed,Tier 2,0
57,42226,3,704,17560,1847938,84,Self-employed,Tier 3,1
43,24721,8,709,24340,1895786,60,Salaried,Tier 1,1
59,205226,1,660,24976,717861,60,Self-employed,Tier 3,1
35,38609,18,686,48406,949145,24,Salaried,Tier 1,1
49,201202,0,781,27626,1586697,84,Self-employed,Tier 2,1
56,148513,6,769,32720,86382,48,Salaried,Tier 1,1
33,221981,16,617,35001,796714,72,Self-employed,Tier 1,1
52,122211,2,798,4700,912219,36,Self-employed,Tier 1,1
27,204321,19,555,43795,1121917,12,Salaried,Tier 2,1
42,197967,19,829,7860,1768303,48,Salaried,Tier 1,1
48,243545,20,643,7526,1324856,36,Self-employed,Tier 1,1
22,154728,2,818,38327,1753930,48,Salaried,Tier 2,1
26,142865,2,746,39500,1299516,84,Self-employed,Tier 3,1
48,92520,16,574,2513,455218,36,Self-employed,Tier 3,0
48,212812,6,697,7830,1882116,84,Salaried,Tier 3,1
40,82309,13,667,14781,660108,36,Self-employed,Tier 2,1
50,47984,16,615,7910,1158525,48,Self-employed,Tier 2,1
31,136947,17,850,15847,458916,24,Salaried,Tier 3,1
48,222894,12,724,5649,784665,48,Self-employed,Tier 1,1
45,23901,19,625,9120,1685407,84,Self-employed,Tier 3,0
59,180624,19,663,1951,533075,48,Self-employed,Tier 2,1
53,240317,20,660,10165,1912618,36,Self-employed,Tier 1,1
21,49055,17,798,14352,1040003,12,Salaried,Tier 1,1
47,186757,3,752,9746,1884742,36,Salaried,Tier 2,1
33,223037,0,696,43738,562472,60,Salaried,Tier 1,1
23,163788,17,584,28997,1827310,48,Self-employed,Tier 3,1
59,132099,0,575,41954,377370,72,Salaried,Tier 2,0
26,29138,12,787,24183,881599,48,Salaried,Tier 2,1
28,184370,19,563,8804,1307427,24,Salaried,Tier 2,1
47,200184,19,594,27169,1257587,84,Self-employed,Tier 2,1
29,41429,9,765,595,504581,72,Salaried,Tier 1,1
57,68200,10,782,29592,117381,36,Salaried,Tier 2,1
53,220380,8,742,40643,883142,24,Self-employed,Tier 2,1
44,197316,8,600,20823,328910,48,Self-employed,Tier 1,1
35,119268,4,763,5972,152416,36,Self-employed,Tier 2,1
52,35347,0,700,15882,1635644,36,Self-employed,Tier 1,1
52,165992,16,824,858,1147034,60,Self-employed,Tier 1,1
44,49822,1,625,5519,892653,60,Self-employed,Tier 2,0
32,195731,12,769,23769,1610290,12,Salaried,Tier 3,1
59,58108,8,736,25020,1600184,60,Salaried,Tier 2,1
22,146955,3,838,42748,1886517,84,Self-employed,Tier 3,1
23,238171,4,577,37085,401637,72,Self-employed,Tier 1,1
57,25967,10,729,19838,1078212,36,Salaried,Tier 3,0
37,128719,18,802,44912,477562,60,Self-employed,Tier 2,1
22,29871,20,675,12879,953282,12,Self-employed,Tier 2,1
22,243371,2,726,33798,227946,48,Salaried,Tier 3,1
48,226524,11,586,42255,993652,72,Self-employed,Tier 2,1
43,223342,18,648,24290,1130109,60,Self-employed,Tier 3,1
57,182685,18,647,46073,944576,36,Salaried,Tier 1,1
52,46179,12,676,10255,1483122,48,Salaried,Tier 3,1
53,201260,6,717,1447,914899,84,Salaried,Tier 3,1
21,73099,14,629,43005,313503,36,Salaried,Tier 3,1
39,53262,6,843,29195,169119,48,Salaried,Tier 3,1
22,96213,7,675,2850,271140,84,Self-employed,Tier 1,1
46,135407,4,699,28400,1381064,84,Self-employed,Tier 1,1
52,167340,20,565,11953,954931,72,Self-employed,Tier 1,0
26,226938,13,577,40874,381922,36,Self-employed,Tier 3,1
52,104269,3,722,23535,332745,60,Self-employed,Tier 1,1
24,78545,9,595,10000,1344416,60,Salaried,Tier 2,1
31,241894,19,785,9503,1810921,12,Self-employed,Tier 1,1
37,221218,14,763,15493,1461733,48,Self-employed,Tier 3,1
58,221038,17,634,4055,1871046,12,Self-employed,Tier 2,1
44,57922,19,831,38170,1610121,24,Self-employed,Tier 3,1
25,228436,12,781,32408,1391502,60,Self-employed,Tier 2,1
54,60913,7,634,42049,1733959,48,Salaried,Tier 3,0
26,115033,8,614,34440,493035,72,Self-employed,Tier 3,1
42,122792,15,683,28251,1051920,12,Self-employed,Tier 2,1
31,204749,18,700,4532,409267,72,Self-employed,Tier 1,1
36,198913,15,664,4924,1929466,72,Self-employed,Tier 2,1
53,195404,6,613,48037,960657,72,Self-employed,Tier 2,1
29,241134,13,707,12546,713440,12,Self-employed,Tier 2,1
26,137863,13,626,26579,1056247,24,Salaried,Tier 2,1
36,244766,3,695,6085,739317,84,Self-employed,Tier 2,1
49,174104,14,774,12390,1505700,84,Salaried,Tier 3,1
23,186918,2,652,13280,408332,12,Salaried,Tier 3,1
40,208546,4,850,24118,801240,84,Self-employed,Tier 1,1
56,62936,0,637,4864,171292,36,Self-employed,Tier 1,1
39,178866,2,717,42084,140570,84,Self-employed,Tier 2,1
46,210660,14,719,33989,534540,60,Salaried,Tier 1,1
23,220056,7,684,35628,1045791,12,Self-employed,Tier 1,1
39,199403,3,599,26849,173791,84,Self-employed,Tier 2,1
40,243469,1,683,27566,1014986,12,Self-employed,Tier 3,1
52,46141,9,686,10702,1591121,24,Salaried,Tier 3,1
27,158146,3,794,41196,565689,36,Salaried,Tier 1,1
53,155478,2,658,15385,934807,12,Self-employed,Tier 3,1
60,115359,1,836,9336,1661178,60,Salaried,Tier 3,1
59,141279,16,570,31225,806349,84,Self-employed,Tier 1,0
38,172363,20,639,36021,780281,60,Salaried,Tier 2,1
60,59568,19,845,3782,1575560,84,Self-employed,Tier 1,1
21,115539,12,661,23341,1469600,12,Salaried,Tier 1,1
31,64851,4,850,49918,412470,72,Self-employed,Tier 1,1
48,249014,20,626,24094,196903,84,Self-employed,Tier 2,1
45,72823,8,726,49111,1947459,72,Salaried,Tier 2,1
43,41312,5,697,23866,95708,36,Salaried,Tier 2,1
51,192180,4,650,19049,1902690,60,Salaried,Tier 2,0
50,215990,9,795,42719,1463126,72,Salaried,Tier 1,1
55,183243,7,666,30992,1574616,60,Salaried,Tier 3,1
27,190851,6,641,49037,1265442,84,Self-employed,Tier 1,1
36,217900,6,577,14567,1420092,84,Self-employed,Tier 2,1
46,116723,5,574,44451,1662341,36,Salaried,Tier 3,0
22,30411,20,607,3513,533157,84,Self-employed,Tier 1,1
21,75009,19,846,49647,1268385,36,Self-employed,Tier 3,1
32,164494,2,683,13335,183692,72,Salaried,Tier 2,1
25,191540,18,798,44140,544166,84,Self-employed,Tier 3,1
57,50371,14,587,38590,808529,12,Self-employed,Tier 3,1
52,75022,3,624,14837,1875969,48,Salaried,Tier 2,1
29,89229,11,691,12122,1264705,24,Salaried,Tier 3,1
55,117071,5,717,34840,1007642,48,Self-employed,Tier 1,1
39,200268,18,808,31007,784750,48,Salaried,Tier 3,1
36,229426,3,774,41297,103024,60,Self-employed,Tier 1,1
23,114774,14,701,27684,1501469,36,Salaried,Tier 3,1
40,245482,8,568,26393,1273759,60,Salaried,Tier 3,0
44,44715,4,695,22754,1253722,72,Salaried,Tier 2,1
53,45605,12,790,20799,592112,24,Salaried,Tier 2,1
44,117853,17,786,38727,568534,72,Self-employed,Tier 1,1
31,49174,4,584,9107,1982159,12,Salaried,Tier 2,0
28,159028,15,739,5993,98926,24,Salaried,Tier 2,1
56,94373,18,550,30805,1266508,60,Self-employed,Tier 2,0
58,87252,13,702,28114,325119,84,Self-employed,Tier 2,1
60,211021,15,675,37789,911309,84,Self-employed,Tier 2,1
40,211718,14,775,46314,1847613,60,Self-employed,Tier 1,1
55,88017,3,770,42942,1962878,72,Salaried,Tier 1,1
45,81037,6,760,16138,1868317,60,Self-employed,Tier 2,1
55,107818,15,574,44527,1704235,60,Salaried,Tier 2,0
45,24548,20,565,9190,731908,48,Self-employed,Tier 1,0
49,134981,20,731,26723,413114,12,Salaried,Tier 3,1
38,222366,7,678,12886,533791,84,Self-employed,Tier 1,1
38,172249,16,591,16779,1720930,48,Salaried,Tier 3,1
22,42022,15,785,28174,744096,60,Salaried,Tier 2,1
55,124297,9,583,29086,111562,36,Self-employed,Tier 2,1
36,154614,9,594,17322,1401129,48,Salaried,Tier 1,1
56,240084,1,683,42596,846266,60,Salaried,Tier 2,1
53,245392,8,570,35278,1725056,84,Salaried,Tier 3,1
24,78428,16,671,18033,575128,60,Salaried,Tier 3,1
53,171812,10,619,20074,784769,12,Self-employed,Tier 1,1
34,77353,9,597,3435,81568,72,Salaried,Tier 3,1
41,239425,16,588,35969,847278,24,Salaried,Tier 1,1
40,131132,3,836,28942,711259,48,Self-employed,Tier 1,1
28,205604,15,559,29059,660326,48,Self-employed,Tier 3,1
27,34052,19,579,47921,1295749,48,Self-employed,Tier 3,0
23,118689,14,793,32826,1006277,60,Salaried,Tier 3,1
37,196148,20,823,30297,179789,12,Salaried,Tier 3,1
53,202492,4,637,43890,1468180,60,Self-employed,Tier 3,1
32,149743,5,793,21322,551994,60,Salaried,Tier 3,1
42,18163,16,564,35739,124723,72,Self-employed,Tier 3,1
42,59424,0,553,9719,813043,36,Salaried,Tier 2,0
50,202816,18,740,14017,416338,12,Self-employed,Tier 1,1
58,219403,3,717,8314,1996425,48,Salaried,Tier 1,1
58,159706,16,558,28295,971815,24,Self-employed,Tier 3,0
28,153870,8,658,9628,1863686,48,Salaried,Tier 1,1
47,40420,1,686,42122,1679752,60,Self-employed,Tier 3,0
47,138575,7,703,11492,1926624,12,Salaried,Tier 2,0
54,47300,14,758,36113,757494,84,Salaried,Tier 1,1
41,107881,6,821,15357,1583017,12,Salaried,Tier 1,1
50,28749,5,692,33329,842515,12,Self-employed,Tier 2,0
53,122131,0,648,20365,1766534,36,Salaried,Tier 2,0
48,174193,14,618,39029,1443196,48,Salaried,Tier 2,1
53,146563,6,796,1737,1085211,36,Salaried,Tier 1,1
25,55487,16,810,9096,142416,84,Self-employed,Tier 1,1
39,243019,1,825,19938,1887588,84,Salaried,Tier 2,1
24,182433,8,628,12682,697122,72,Self-employed,Tier 2,1
55,39223,8,695,27499,1735012,24,Salaried,Tier 2,0
37,90930,12,660,44491,1811331,72,Self-employed,Tier 2,1
48,163128,5,807,44866,1927329,60,Self-employed,Tier 2,1
50,46380,5,642,41894,845818,36,Salaried,Tier 3,1
49,44035,19,562,46157,365315,36,Self-employed,Tier 2,0
26,48620,19,809,41034,200594,72,Self-employed,Tier 3,1
55,168949,20,658,294,770892,60,Salaried,Tier 1,1
57,204388,2,738,32536,534976,12,Self-employed,Tier 1,1
44,213113,16,644,24596,1132121,60,Self-employed,Tier 3,1
49,135360,16,654,32649,235151,48,Self-employed,Tier 2,1
51,71352,11,557,11434,1911863,72,Self-employed,Tier 1,0
55,179983,15,616,38098,85790,60,Salaried,Tier 2,1
53,181856,14,740,4655,625300,12,Self-employed,Tier 2,1
41,21191,12,805,17493,167827,60,Self-employed,Tier 3,1
52,182232,0,558,46228,1079625,36,Salaried,Tier 1,0
43,108536,16,666,3771,1358699,24,Salaried,Tier 1,1
53,122576,2,816,8563,1112836,36,Self-employed,Tier 3,1
23,213713,14,648,17558,246211,84,Salaried,Tier 2,1
38,198795,3,847,33932,1886082,24,Salaried,Tier 2,1
45,21631,3,713,42243,485892,84,Salaried,Tier 1,1
51,155244,17,690,26567,190547,60,Salaried,Tier 3,1
23,60080,16,817,32376,1308062,48,Salaried,Tier 3,1
60,238169,18,586,21922,196192,60,Salaried,Tier 2,1
44,108353,10,623,12388,1514939,12,Salaried,Tier 2,0
52,169353,19,622,29332,314130,60,Salaried,Tier 3,1
42,46671,2,748,46737,1863065,24,Salaried,Tier 1,1
43,140811,7,679,23495,737790,36,Self-employed,Tier 2,1
22,200503,13,795,8434,812857,48,Self-employed,Tier 3,1
47,239972,0,609,20991,1154055,84,Self-employed,Tier 3,1
22,145734,13,828,27472,1574758,60,Self-employed,Tier 3,1
46,242033,1,652,40030,442977,60,Self-employed,Tier 1,1
37,177674,3,845,26849,1362896,36,Salaried,Tier 2,1
60,237861,18,700,1541,658546,48,Salaried,Tier 2,1
53,69399,5,706,2765,1337999,72,Self-employed,Tier 2,1
29,172544,0,755,43074,427332,84,Self-employed,Tier 1,1
59,198302,16,728,37259,134153,60,Salaried,Tier 2,1
49,222688,7,746,29283,1815854,60,Self-employed,Tier 2,1
46,25099,18,772,35851,833930,72,Salaried,Tier 2,1
55,174503,20,638,34625,470331,84,Self-employed,Tier 2,1
45,74492,0,836,769,808272,24,Salaried,Tier 1,1
44,114722,4,825,17806,1176018,24,Self-employed,Tier 3,1
33,196756,15,785,24982,1925010,12,Salaried,Tier 3,1
27,48111,5,732,2972,1155700,36,Self-employed,Tier 2,0
56,81936,7,758,18256,361896,48,Self-employed,Tier 2,1
40,171686,12,679,38367,1358064,60,Salaried,Tier 2,1
21,241332,15,702,18653,128947,84,Salaried,Tier 1,1
28,191063,2,562,38043,911148,60,Self-employed,Tier 2,1
36,219548,18,671,21133,491209,12,Self-employed,Tier 1,1
34,78920,11,769,39339,1895081,84,Salaried,Tier 2,1
32,243366,15,655,25757,1922259,84,Salaried,Tier 2,1
43,81530,10,619,37840,146496,60,Salaried,Tier 3,1
35,185296,9,744,42399,1825373,36,Self-employed,Tier 2,1
48,25788,19,735,44013,875329,12,Self-employed,Tier 1,1
54,46082,3,648,32069,1018410,36,Salaried,Tier 3,0
22,141287,11,631,14706,363760,12,Self-employed,Tier 1,1
52,107570,1,624,38231,1360613,60,Self-employed,Tier 3,1
43,119015,18,741,27909,551935,12,Salaried,Tier 1,1
42,225888,4,763,40218,1889490,24,Self-employed,Tier 3,1
45,101588,7,693,11095,420134,84,Salaried,Tier 1,1
42,165603,6,765,20343,1320612,48,Salaried,Tier 1,1
42,106340,13,564,26469,1564728,60,Self-employed,Tier 2,0
26,112439,2,766,1313,744934,72,Self-employed,Tier 3,1
35,193929,17,584,7847,1090835,48,Salaried,Tier 3,1
57,159214,15,732,9166,1928292,60,Salaried,Tier 2,1
53,133053,18,819,9930,385076,48,Salaried,Tier 1,1
28,66355,18,649,3285,319482,24,Self-employed,Tier 1,1
25,158938,17,556,35863,1272366,48,Salaried,Tier 3,0
59,219139,19,579,16704,1242148,12,Salaried,Tier 1,1
24,143426,15,693,18705,192617,48,Salaried,Tier 3,1
26,82027,7,660,555,635768,60,Salaried,Tier 3,1
52,206978,0,781,21323,710601,72,Self-employed,Tier 1,1
50,177210,16,728,5432,1318962,72,Self-employed,Tier 1,1
55,110601,11,621,1386,990325,36,Salaried,Tier 1,1
60,47956,20,759,44007,54695,84,Self-employed,Tier 2,1
36,122797,10,769,10619,782426,48,Self-employed,Tier 3,1
33,142917,4,629,6854,1080120,72,Self-employed,Tier 1,0
50,144303,11,632,42964,1084780,48,Salaried,Tier 2,0
39,225367,16,591,48801,1637182,84,Self-employed,Tier 1,0
37,154511,5,822,7637,887366,72,Self-employed,Tier 3,1
39,196313,0,740,21225,1514123,84,Salaried,Tier 2,1
48,60533,4,722,45730,1482002,48,Salaried,Tier 3,0
46,177342,13,556,26739,1806608,60,Self-employed,Tier 1,0
57,96815,4,704,47708,1190467,48,Self-employed,Tier 1,1
46,57279,0,559,10618,520076,84,Salaried,Tier 1,0
43,127787,17,583,36561,799045,60,Salaried,Tier 2,0
29,172960,15,585,7373,1167330,60,Salaried,Tier 2,1
32,166702,8,555,35281,922109,36,Salaried,Tier 2,0
21,79063,18,764,20187,1987328,72,Self-employed,Tier 2,1
21,145896,4,683,2327,1494629,12,Salaried,Tier 1,1
54,184216,1,834,32391,437405,60,Self-employed,Tier 1,1
52,201233,14,675,41577,563904,84,Self-employed,Tier 1,1
45,245790,6,723,18549,1082120,72,Self-employed,Tier 2,1
60,240146,3,701,39220,417482,24,Salaried,Tier 2,1
21,226432,0,575,7642,614365,48,Salaried,Tier 1,1
36,200051,12,664,14435,392059,84,Self-employed,Tier 1,1
59,115661,19,833,33760,1758175,24,Self-employed,Tier 2,1
25,156051,6,624,38192,1340080,84,Self-employed,Tier 3,1
42,175261,14,715,4381,1053852,48,Self-employed,Tier 1,1
49,191672,13,738,31047,1390389,36,Self-employed,Tier 1,1
23,208632,18,627,19558,885056,84,Salaried,Tier 1,1
32,227112,19,639,30782,1960155,60,Salaried,Tier 2,1
46,141257,17,725,4782,1758086,12,Salaried,Tier 1,1
36,210630,9,570,25881,1765045,60,Self-employed,Tier 1,1
57,104205,8,603,40228,1853686,48,Self-employed,Tier 1,1
42,24910,7,733,29409,731376,84,Salaried,Tier 1,1
49,206785,9,771,19462,1765872,12,Salaried,Tier 1,1
34,64857,16,728,2983,192108,60,Self-employed,Tier 3,1
48,52964,1,825,31933,1006740,12,Salaried,Tier 3,1
25,234739,5,661,46950,1243669,48,Salaried,Tier 1,1
50,174299,4,773,2523,1612270,36,Salaried,Tier 1,1
25,155050,8,763,9677,873375,36,Self-employed,Tier 1,1
32,236599,4,608,10292,163694,84,Self-employed,Tier 1,1
36,35153,17,658,15089,284456,60,Salaried,Tier 2,1
46,77765,19,706,4581,262079,24,Self-employed,Tier 2,1
46,248156,8,740,11907,1342845,48,Salaried,Tier 2,1
41,126212,16,749,5609,493232,60,Salaried,Tier 3,1
59,57071,16,745,44143,466460,60,Self-employed,Tier 1,1
56,130990,11,584,22936,1554819,36,Self-employed,Tier 2,0
53,87519,6,795,42725,1868249,84,Self-employed,Tier 1,1
50,27503,2,786,45723,173351,12,Salaried,Tier 1,1
57,209775,9,653,33988,351129,48,Salaried,Tier 3,1
43,213451,1,556,29506,1071480,12,Salaried,Tier 3,0
30,113457,2,832,13163,890268,72,Self-employed,Tier 2,1
25,206938,15,550,46057,1984722,72,Salaried,Tier 2,0
56,165977,1,768,12537,1626634,48,Salaried,Tier 3,1
54,63838,9,779,22419,879297,84,Salaried,Tier 3,1
51,143200,5,721,42578,103811,24,Salaried,Tier 1,1
30,207351,10,636,9455,316145,72,Self-employed,Tier 1,1
39,107489,6,590,9063,1683712,36,Self-employed,Tier 2,0
52,44806,14,672,834,102635,24,Self-employed,Tier 2,1
21,194072,5,847,32214,70946,60,Salaried,Tier 3,1
25,171240,19,727,27398,1033638,72,Salaried,Tier 2,1
24,88119,8,612,34492,670140,36,Salaried,Tier 1,1
36,56714,19,714,2413,1451823,60,Self-employed,Tier 3,1
44,203165,11,736,9505,535260,24,Self-employed,Tier 1,1
36,73419,18,758,37266,1928752,48,Self-employed,Tier 3,1
22,198217,19,776,2105,1216305,60,Self-employed,Tier 3,1
48,123432,2,597,2568,744519,12,Self-employed,Tier 1,1
52,226497,14,773,42098,1384391,48,Salaried,Tier 2,1
47,110949,1,552,49361,721810,48,Self-employed,Tier 2,0
40,226883,20,724,37679,1549067,24,Self-employed,Tier 2,1
44,151533,1,648,49385,1011862,24,Self-employed,Tier 2,0
32,163363,2,665,33560,1527310,36,Salaried,Tier 1,1
55,195876,5,819,14195,1418533,36,Self-employed,Tier 3,1
53,94971,14,802,46669,146748,12,Self-employed,Tier 1,1
53,111471,9,644,15762,1862156,48,Self-employed,Tier 2,1
57,82946,8,822,41294,1498598,84,Salaried,Tier 2,1
32,116989,0,573,15898,679021,12,Salaried,Tier 1,1
23,102080,15,665,21577,1008395,12,Self-employed,Tier 3,1
21,210404,5,700,1214,1225441,84,Self-employed,Tier 1,1
53,95794,8,599,20803,1444271,84,Self-employed,Tier 1,0
60,48841,3,755,48114,965767,84,Self-employed,Tier 1,1
30,142447,1,628,23698,351364,24,Salaried,Tier 3,1
49,138029,3,619,32980,1377878,12,Self-employed,Tier 1,0
33,197830,0,576,1658,917424,12,Salaried,Tier 1,1
32,94272,18,820,12270,995092,60,Self-employed,Tier 2,1
51,55643,9,599,46797,1685440,84,Salaried,Tier 1,0
22,199480,20,841,37792,1973035,84,Salaried,Tier 2,1
55,61950,14,796,45807,205260,36,Self-employed,Tier 2,1
43,205921,18,813,22301,1322263,36,Salaried,Tier 2,1
37,118500,15,628,5141,370974,48,Self-employed,Tier 3,1
46,177116,20,739,38756,1757955,36,Salaried,Tier 2,1
28,143588,3,596,13777,62419,72,Salaried,Tier 1,1
49,33997,1,738,38346,1656561,48,Self-employed,Tier 1,0
46,97751,12,805,29441,1445652,84,Self-employed,Tier 2,1
30,116605,0,771,47819,431856,60,Salaried,Tier 2,1
46,172983,16,790,28469,1596360,36,Salaried,Tier 1,1
54,73533,12,818,3845,1718292,60,Self-employed,Tier 2,1
27,100566,3,550,44650,1761909,36,Self-employed,Tier 3,0
24,243942,6,583,23290,813361,36,Self-employed,Tier 2,1
31,163643,16,628,47015,660937,60,Salaried,Tier 3,1
49,126255,8,785,30699,434793,12,Self-employed,Tier 3,1
56,243535,3,647,44252,1371856,12,Self-employed,Tier 3,1
45,207013,18,631,33146,1969747,12,Salaried,Tier 2,1
41,76005,0,741,3293,898934,72,Self-employed,Tier 3,1
56,235322,9,802,44398,1260933,12,Self-employed,Tier 3,1
30,207784,3,587,46428,1908047,36,Self-employed,Tier 2,0
57,61541,8,563,16608,1098025,84,Self-employed,Tier 3,0
29,41387,12,758,737,1951728,24,Salaried,Tier 2,1
44,111980,13,638,16619,1221744,60,Self-employed,Tier 1,0
55,197980,9,605,12470,1711127,84,Self-employed,Tier 3,1
55,103457,5,643,49863,109155,24,Self-employed,Tier 2,1
56,162129,15,642,22372,1115487,84,Self-employed,Tier 1,1
38,82028,5,634,16117,1623780,72,Self-employed,Tier 3,1
59,137246,16,794,14779,895484,24,Self-employed,Tier 3,1
52,73731,9,571,29294,512326,48,Salaried,Tier 2,0
44,173930,17,840,21630,806983,12,Salaried,Tier 1,1
43,197761,17,821,40039,329934,72,Salaried,Tier 2,1
52,62638,2,671,49900,526377,84,Self-employed,Tier 3,1
57,240670,19,677,12178,448422,36,Self-employed,Tier 3,1
32,195558,20,662,19935,171937,12,Self-employed,Tier 3,1
33,38567,14,822,47258,1183629,12,Salaried,Tier 3,1
43,178811,14,679,22784,1410670,24,Self-employed,Tier 1,1
45,75804,3,681,23027,428355,48,Salaried,Tier 1,1
55,126821,8,634,31008,1941369,12,Self-employed,Tier 2,1
50,21754,18,630,46631,1946459,84,Self-employed,Tier 2,0
37,45044,16,618,1823,1398416,84,Salaried,Tier 2,1
40,85260,10,697,6852,1573433,60,Salaried,Tier 3,1
45,84912,8,565,13072,1068696,60,Salaried,Tier 2,0
42,26706,9,654,11133,1035730,12,Salaried,Tier 1,0
33,26894,17,714,15111,1725259,24,Salaried,Tier 2,0
39,167109,19,750,32312,1089474,24,Salaried,Tier 2,1
56,101986,12,746,24161,1931736,36,Self-employed,Tier 1,1
32,99942,7,734,39287,367545,72,Salaried,Tier 1,1
39,200684,6,814,1777,1295874,72,Self-employed,Tier 3,1
32,47725,16,649,24014,599391,72,Self-employed,Tier 1,1
29,154998,20,763,14772,477479,48,Self-employed,Tier 1,1
27,122555,14,827,46389,1880641,24,Self-employed,Tier 2,1
48,27496,19,711,44627,1568413,36,Self-employed,Tier 1,0
34,74447,14,706,18161,1410764,60,Salaried,Tier 3,1
51,119604,0,800,42264,1680594,84,Salaried,Tier 2,1
39,178878,13,646,7490,1124401,72,Salaried,Tier 3,1
36,106199,4,567,41661,1830192,60,Self-employed,Tier 1,0
25,59321,10,646,24502,547393,60,Salaried,Tier 3,1
55,214167,15,550,35757,1135847,12,Self-employed,Tier 3,1
32,171728,1,765,41111,1175832,48,Self-employed,Tier 1,1
45,73147,7,681,32737,1538524,36,Self-employed,Tier 1,0
41,109396,10,809,17709,1165009,48,Self-employed,Tier 2,1
56,198738,17,674,44682,787990,12,Salaried,Tier 2,1
43,231440,2,631,8998,1200575,36,Salaried,Tier 2,1
36,56787,0,832,28906,806350,36,Salaried,Tier 1,1
59,212018,10,720,35490,1646436,24,Salaried,Tier 3,1
59,39727,15,608,4656,612834,48,Salaried,Tier 3,0
34,113081,17,581,36901,890597,48,Self-employed,Tier 2,0
51,140721,15,710,25735,900122,24,Salaried,Tier 2,1
25,86056,9,833,29092,496880,60,Self-employed,Tier 1,1
55,152153,17,655,1242,525551,12,Self-employed,Tier 3,1
43,183268,5,654,41307,780559,48,Self-employed,Tier 2,1
49,185807,18,777,1831,571727,24,Salaried,Tier 1,1
31,98102,3,737,28511,86948,84,Self-employed,Tier 2,1
38,228650,12,619,7246,1912015,36,Self-employed,Tier 1,1
32,174570,13,839,31467,1723683,72,Salaried,Tier 3,1
29,94865,2,636,18302,403351,84,Self-employed,Tier 1,1
30,180728,9,605,3232,1582713,24,Self-employed,Tier 2,1
37,85695,5,662,36526,913204,72,Self-employed,Tier 2,0
58,186972,0,562,38765,596312,60,Salaried,Tier 3,1
27,135235,13,567,10972,1866344,12,Self-employed,Tier 3,0
33,233971,7,731,48136,1705776,72,Self-employed,Tier 2,1
60,196773,18,662,34592,829521,60,Salaried,Tier 2,1
29,126777,13,778,10683,1332322,72,Salaried,Tier 2,1
47,37033,9,720,23664,461373,36,Self-employed,Tier 3,1
22,159877,16,844,36828,1884003,36,Salaried,Tier 2,1
25,184923,8,738,33172,1970489,36,Salaried,Tier 3,1
49,44832,5,628,18105,1593912,36,Salaried,Tier 2,0
57,212509,10,695,21700,1449273,24,Salaried,Tier 1,1
58,133725,6,731,11017,1755692,36,Salaried,Tier 1,1
39,163016,16,835,36613,1330325,84,Salaried,Tier 2,1
28,37873,0,799,20594,1058507,36,Salaried,Tier 1,1
21,58372,4,745,11384,676776,84,Self-employed,Tier 3,1
42,107464,8,620,30348,671029,24,Salaried,Tier 1,0
37,164451,17,797,16448,1811987,36,Salaried,Tier 1,1
27,135322,20,695,9491,281773,60,Salaried,Tier 3,1
45,185823,1,655,13112,1032099,60,Self-employed,Tier 1,0
24,118082,10,812,31021,1438930,48,Salaried,Tier 1,1
56,238894,5,845,44553,1272742,60,Salaried,Tier 2,1
26,23110,7,619,968,1600642,12,Self-employed,Tier 3,0
51,203413,3,742,368,1841825,12,Salaried,Tier 3,1
39,30087,17,617,8424,1062889,12,Self-employed,Tier 2,0
59,172834,10,601,35010,447751,24,Self-employed,Tier 2,1
47,100617,4,834,35851,1547827,60,Salaried,Tier 1,1
30,118483,14,558,25496,566031,84,Self-employed,Tier 1,1
46,27596,17,800,30936,97367,12,Salaried,Tier 1,1
39,125539,1,847,13322,1861408,48,Salaried,Tier 2,1
59,36313,10,733,1469,984622,24,Self-employed,Tier 3,1
23,131175,12,728,37493,1551604,48,Self-employed,Tier 1,1
33,215621,3,747,4259,1682748,60,Salaried,Tier 2,1
48,132914,6,677,36390,1557960,36,Salaried,Tier 3,1
40,41705,10,569,10292,718640,48,Self-employed,Tier 2,0
48,216436,3,614,26841,457962,36,Salaried,Tier 1,1
28,91445,14,731,28365,414716,24,Salaried,Tier 2,1
59,121892,0,790,17207,627539,48,Salaried,Tier 2,1
21,227717,2,573,36199,1183397,48,Self-employed,Tier 2,0
23,20023,13,632,22912,1706447,72,Salaried,Tier 2,1
33,137654,5,734,36919,294697,24,Salaried,Tier 3,1
48,208868,17,648,36981,1108783,24,Salaried,Tier 1,1
45,98073,0,611,15235,776487,12,Self-employed,Tier 3,1
53,110197,5,835,41757,1126333,60,Self-employed,Tier 2,1
58,82429,5,571,33547,983730,48,Self-employed,Tier 2,0
26,122195,20,761,48119,504623,48,Salaried,Tier 1,1
52,210699,15,675,43810,1774192,84,Self-employed,Tier 1,1
41,51848,4,591,19276,870254,24,Salaried,Tier 3,0
36,186876,16,647,31923,1360646,24,Self-employed,Tier 3,1
41,164451,9,580,5534,91340,60,Salaried,Tier 1,1
31,208736,20,707,26469,292955,24,Self-employed,Tier 3,1
57,45766,17,661,36074,1019738,36,Salaried,Tier 2,1
56,86099,6,796,35670,1928359,36,Salaried,Tier 2,1
55,185132,2,671,32563,942743,72,Self-employed,Tier 1,1
39,243805,12,822,46159,1698184,36,Salaried,Tier 3,1
40,87122,14,843,36486,1463285,36,Self-employed,Tier 2,1
38,165159,19,756,21,1093131,60,Self-employed,Tier 1,1
34,66868,18,659,34268,478373,48,Salaried,Tier 3,1
35,137119,2,827,41802,1380657,36,Salaried,Tier 2,1
51,172297,3,605,15799,1014211,72,Self-employed,Tier 3,1
21,113286,4,606,26336,1371939,24,Self-employed,Tier 3,0
23,24643,0,840,3641,1107975,36,Self-employed,Tier 3,1
36,242131,3,663,21596,701021,72,Salaried,Tier 1,1
43,54727,11,747,32959,804208,60,Self-employed,Tier 2,1
31,160077,9,728,13306,995161,84,Salaried,Tier 1,1
32,127079,20,768,46182,856479,84,Salaried,Tier 2,1
30,83697,19,826,8587,281615,84,Self-employed,Tier 2,1
52,34029,12,565,31359,659981,24,Self-employed,Tier 1,0
36,163298,13,610,21498,675219,72,Salaried,Tier 1,1
28,212718,4,603,4662,1039658,36,Salaried,Tier 2,1
58,209675,3,717,37094,1798827,48,Salaried,Tier 2,1
32,177803,13,575,41833,187852,24,Salaried,Tier 2,1
44,127458,9,614,27197,1387770,24,Self-employed,Tier 3,0
48,128384,16,649,20719,647839,84,Salaried,Tier 2,1
28,86926,9,623,24665,380810,48,Self-employed,Tier 1,1
48,155069,6,741,43239,1847555,84,Self-employed,Tier 1,1
56,73506,15,720,25032,1704880,24,Self-employed,Tier 1,1
46,96229,0,822,12641,1735999,36,Salaried,Tier 2,1
28,198887,16,736,41964,103010,84,Salaried,Tier 2,1
48,60092,20,572,30028,1330660,84,Self-employed,Tier 3,1
48,80539,8,730,45494,1661029,84,Self-employed,Tier 3,1
57,215149,5,657,15651,1372248,24,Self-employed,Tier 1,1
56,170889,18,711,8536,957272,36,Self-employed,Tier 3,1
47,186933,12,755,45712,230680,48,Salaried,Tier 3,1
37,31428,2,627,6273,449130,12,Self-employed,Tier 1,1
29,193006,6,565,6284,1660000,48,Salaried,Tier 2,0
53,159330,8,645,25692,1446728,36,Salaried,Tier 3,1
40,75775,4,696,8817,586364,60,Salaried,Tier 2,1
33,230652,9,551,28955,1778719,84,Salaried,Tier 1,1
48,244019,16,559,26555,953057,48,Self-employed,Tier 1,1
49,23469,11,674,20378,1800652,60,Salaried,Tier 3,1
33,46854,15,630,41182,1673162,60,Self-employed,Tier 1,0
55,155328,2,689,17127,1939312,36,Salaried,Tier 1,1
26,94256,8,699,49614,1964368,36,Self-employed,Tier 1,0
38,183009,14,837,17952,119835,84,Self-employed,Tier 3,1
25,117134,4,678,11539,572757,12,Self-employed,Tier 3,1
45,150723,12,788,46761,686712,72,Self-employed,Tier 3,1
22,199360,13,607,46219,713478,24,Self-employed,Tier 1,1
30,102730,19,747,14692,1352970,48,Salaried,Tier 2,1
50,174123,14,760,18120,369055,36,Self-employed,Tier 1,1
25,45386,15,594,13334,1040993,48,Salaried,Tier 3,0
53,224126,12,646,28615,153088,72,Self-employed,Tier 2,1
21,165256,16,828,7903,1638049,72,Salaried,Tier 2,1
38,51787,7,572,28527,1009296,84,Salaried,Tier 3,0
52,39621,20,593,15629,1673477,60,Salaried,Tier 2,1
31,224636,1,576,17740,1863948,84,Self-employed,Tier 2,0
41,95984,4,831,33782,1263575,24,Salaried,Tier 3,1
46,208864,5,646,26708,312530,12,Self-employed,Tier 2,0
45,194325,11,585,10860,1583945,48,Self-employed,Tier 2,0
42,52051,17,658,17438,1564520,24,Salaried,Tier 3,0
47,67811,0,604,1764,1390740,12,Salaried,Tier 2,0
33,48447,16,741,6009,1665542,48,Self-employed,Tier 2,1
53,146046,10,768,20842,267767,24,Self-employed,Tier 2,1
54,233002,9,734,42372,1159970,36,Self-employed,Tier 2,1
55,249109,18,618,48780,1822881,48,Self-employed,Tier 3,1
21,179326,13,679,33435,1738241,24,Self-employed,Tier 1,1
41,102045,9,604,3370,696004,72,Self-employed,Tier 1,0
26,134859,14,646,38744,237486,12,Salaried,Tier 2,1
48,206490,18,636,20454,1022320,24,Self-employed,Tier 3,1
37,163544,3,843,41381,1678782,36,Self-employed,Tier 3,1
25,21471,1,668,38367,1583073,84,Salaried,Tier 2,0
51,138312,8,757,3650,1341132,48,Salaried,Tier 1,1
25,244876,9,703,45117,1476360,48,Salaried,Tier 2,1
58,157401,10,584,25708,1783391,48,Self-employed,Tier 3,1
23,183937,13,628,42662,416590,36,Salaried,Tier 3,1
43,64850,6,616,3190,1268383,12,Salaried,Tier 1,1
57,72220,14,583,48113,144702,48,Self-employed,Tier 3,0
57,111808,18,646,8789,155509,12,Self-employed,Tier 3,1
30,155469,14,718,32125,405752,24,Self-employed,Tier 3,1
30,246981,7,718,33159,1212886,72,Self-employed,Tier 1,1
39,184597,10,700,17459,882234,72,Salaried,Tier 3,1
37,71072,8,620,35418,1821956,12,Self-employed,Tier 2,0
41,239178,14,552,46368,608910,12,Salaried,Tier 1,1
34,101820,0,581,47085,159935,72,Self-employed,Tier 2,0
29,233602,0,836,18768,310440,48,Salaried,Tier 2,1
21,41284,18,631,49961,1216495,60,Self-employed,Tier 1,0
33,210402,2,592,15563,970101,60,Self-employed,Tier 2,1
24,101369,9,654,27885,1008101,36,Self-employed,Tier 1,1
21,43122,7,550,21885,746314,84,Salaried,Tier 2,0
60,148349,14,610,6895,119519,72,Salaried,Tier 1,1
52,88553,9,819,23958,761475,72,Salaried,Tier 3,1
54,230978,0,729,1531,1596780,36,Self-employed,Tier 3,1
48,112788,17,773,5481,1010655,60,Salaried,Tier 2,1
51,80812,1,555,23932,1355163,24,Self-employed,Tier 3,0
28,25999,18,652,21360,1246688,48,Self-employed,Tier 1,0
59,40436,12,559,43642,94772,48,Self-employed,Tier 2,0
46,60963,0,620,24829,172431,24,Salaried,Tier 3,0
54,151168,1,639,19932,932522,24,Self-employed,Tier 3,1
23,174351,15,775,38931,244904,60,Salaried,Tier 2,1
32,126899,14,707,38032,208988,36,Self-employed,Tier 3,1
21,44201,12,777,15890,881303,24,Self-employed,Tier 3,1
25,168787,15,675,18807,564743,36,Self-employed,Tier 2,1
50,178381,16,758,11767,1911380,84,Salaried,Tier 3,1
50,164150,20,646,8071,89080,12,Salaried,Tier 3,1
37,205686,6,623,26149,156242,48,Self-employed,Tier 3,1
43,23105,16,664,15540,879154,60,Salaried,Tier 3,1
35,135666,6,740,35676,564080,48,Salaried,Tier 2,1
57,112848,12,719,4712,1127624,60,Self-employed,Tier 1,1
41,20839,4,753,26201,1708069,12,Self-employed,Tier 1,1
34,86920,16,605,44958,977281,48,Salaried,Tier 3,1
22,61619,2,757,19899,1415431,12,Self-employed,Tier 3,1
31,60821,6,590,19787,217403,60,Self-employed,Tier 1,0
59,143736,16,581,20982,306392,24,Salaried,Tier 3,0
58,162565,6,564,22606,70968,84,Salaried,Tier 1,0
54,35069,20,611,10150,1545761,48,Self-employed,Tier 2,1
58,25531,0,704,20393,1332993,12,Salaried,Tier 2,0
54,186123,16,833,37259,1634156,72,Salaried,Tier 2,1
38,156808,16,758,46687,826230,48,Self-employed,Tier 2,1
50,156782,10,736,46936,1008298,48,Self-employed,Tier 2,1
35,85155,2,679,27750,1440179,48,Self-employed,Tier 2,1
47,163047,14,676,8593,1871868,36,Self-employed,Tier 1,1
54,80424,20,841,17358,886624,12,Salaried,Tier 3,1
58,63603,10,663,16607,1707057,12,Salaried,Tier 1,0
53,172324,15,748,37381,643453,48,Self-employed,Tier 2,1
44,229869,8,562,24811,904082,24,Self-employed,Tier 3,0
35,150503,0,820,28074,1591773,48,Self-employed,Tier 3,1
50,223675,15,638,20595,1724262,36,Self-employed,Tier 2,1
37,186553,8,764,44194,796470,60,Salaried,Tier 2,1
25,110573,18,827,49377,1982893,36,Salaried,Tier 2,1
49,158629,11,752,26853,203329,24,Self-employed,Tier 2,1
24,224043,18,623,8183,1199164,48,Self-employed,Tier 2,1
30,121302,8,574,20661,1464076,12,Salaried,Tier 2,0
37,149234,6,650,41169,827110,84,Salaried,Tier 3,1
30,183814,13,725,36495,1622762,72,Salaried,Tier 2,1
37,37675,18,666,13703,1968517,48,Salaried,Tier 2,1
40,91997,18,715,30815,1845209,24,Self-employed,Tier 3,1
44,166087,1,590,29565,1412392,12,Salaried,Tier 1,1
25,199129,8,669,22942,1030812,36,Salaried,Tier 2,1
54,181663,12,646,42986,782943,60,Salaried,Tier 3,1
26,242655,14,694,33161,1611128,60,Self-employed,Tier 3,1
22,249390,2,765,48760,1382833,84,Self-employed,Tier 1,1
33,158905,10,778,41803,1361414,48,Salaried,Tier 2,1
31,25896,20,679,9716,65588,36,Salaried,Tier 2,1
43,182044,13,686,41563,767116,84,Self-employed,Tier 2,1
36,67733,7,822,33349,507301,72,Self-employed,Tier 3,1
51,59800,17,666,47098,816719,72,Salaried,Tier 2,1
31,114044,18,643,42899,295456,84,Self-employed,Tier 2,1
36,23347,15,717,132,1815078,24,Salaried,Tier 2,1
28,208135,1,752,47752,1162949,60,Self-employed,Tier 2,1
24,244922,7,698,3385,1970611,36,Salaried,Tier 1,1
60,151715,5,732,36538,580992,48,Salaried,Tier 1,1
24,58785,11,701,35036,1138712,12,Self-employed,Tier 1,0
45,36681,14,623,33743,1690371,48,Salaried,Tier 2,0
23,199098,7,823,40373,97361,48,Self-employed,Tier 2,1
52,121864,3,591,7213,895279,36,Self-employed,Tier 3,0
23,164964,14,761,44223,1991367,60,Self-employed,Tier 3,1
47,65299,19,650,26119,192513,36,Salaried,Tier 3,1
49,35073,16,594,2835,1479626,12,Salaried,Tier 2,0
52,120304,12,631,2738,64677,84,Salaried,Tier 1,1
39,48682,17,566,42317,1912826,36,Self-employed,Tier 1,0
41,246870,1,622,4134,1362588,24,Salaried,Tier 1,1
25,245966,12,563,25892,1706455,48,Salaried,Tier 2,1
38,142302,12,706,39601,1427984,60,Salaried,Tier 1,1
48,163361,14,772,8353,1696032,72,Salaried,Tier 3,1
42,133359,19,681,15690,1765979,12,Self-employed,Tier 3,1
41,156999,9,596,1909,121939,72,Salaried,Tier 1,1
26,197402,2,656,25703,1376452,48,Self-employed,Tier 3,1
21,84707,18,657,14496,1940252,36,Self-employed,Tier 1,1
25,226526,2,814,12062,461742,72,Self-employed,Tier 1,1
32,83428,13,754,9850,1894348,24,Self-employed,Tier 3,1
46,68601,7,628,27701,809848,36,Salaried,Tier 3,1
54,226537,3,704,34731,858826,48,Salaried,Tier 3,1
34,151611,19,820,5153,1459277,72,Salaried,Tier 3,1
46,129487,10,796,10481,1233750,84,Self-employed,Tier 1,1
47,171741,10,568,33734,545062,12,Salaried,Tier 3,1
29,220040,10,575,889,1642023,72,Self-employed,Tier 3,1
46,169716,1,766,19445,172366,84,Salaried,Tier 2,1
42,167817,16,703,6461,246164,84,Salaried,Tier 3,1
50,46228,8,703,38934,842644,72,Salaried,Tier 3,1
37,183593,1,723,28205,1589152,60,Self-employed,Tier 1,1
46,140788,14,641,23351,873837,72,Salaried,Tier 1,1
56,115239,15,730,16006,442776,48,Self-employed,Tier 2,1
21,44928,3,680,44149,1437781,84,Self-employed,Tier 3,1
28,36322,7,847,49112,406440,12,Self-employed,Tier 3,1
55,206786,8,824,10940,891618,48,Salaried,Tier 3,1
35,105896,4,822,11258,1011743,24,Salaried,Tier 3,1
42,80292,15,625,24485,1864740,36,Self-employed,Tier 3,0
34,47055,12,726,23763,1846929,72,Self-employed,Tier 3,1
46,60891,6,733,40048,1483865,60,Self-employed,Tier 2,1
48,99912,19,680,1067,1605343,12,Self-employed,Tier 3,1
43,155660,16,598,20607,584820,60,Self-employed,Tier 3,1
34,108536,2,604,43883,260126,60,Salaried,Tier 3,0
44,24304,4,703,9018,1039516,60,Salaried,Tier 2,1
22,25345,18,749,48521,1085340,72,Salaried,Tier 3,1
46,178372,11,667,46946,1314927,12,Self-employed,Tier 2,1
34,173331,6,812,15187,1427260,12,Self-employed,Tier 1,1
27,109006,8,595,37375,153021,84,Salaried,Tier 3,0
23,237625,5,738,3985,839703,60,Salaried,Tier 2,1
43,164424,16,678,43052,50209,84,Self-employed,Tier 1,1
38,147350,15,598,19563,272071,84,Self-employed,Tier 2,1
58,182437,2,574,47322,1759475,36,Self-employed,Tier 2,0
55,37446,20,815,37306,1082345,72,Salaried,Tier 1,1
35,20336,3,667,18608,856409,72,Self-employed,Tier 3,1
45,80032,9,693,39139,1303790,48,Self-employed,Tier 3,1
57,224487,4,749,1726,1208496,84,Self-employed,Tier 2,1
48,115852,20,706,26582,1488876,72,Salaried,Tier 1,1
30,247948,9,683,5791,411732,60,Self-employed,Tier 3,1
59,156593,11,697,8458,1429404,24,Salaried,Tier 2,1
37,220779,9,620,17221,1328720,60,Self-employed,Tier 1,1
59,172553,12,782,48506,960294,12,Self-employed,Tier 2,1
42,36474,10,848,20968,1366327,72,Salaried,Tier 1,1
46,195832,15,703,17070,266194,72,Self-employed,Tier 3,1
45,73718,7,639,27937,406930,48,Salaried,Tier 3,0
37,62629,7,748,49508,438550,84,Self-employed,Tier 2,1
33,63232,7,710,41831,233011,24,Salaried,Tier 3,1
40,104544,12,575,42933,723954,72,Self-employed,Tier 3,0
45,216241,1,670,47307,1550174,48,Salaried,Tier 1,1
24,68669,11,850,48340,57399,48,Salaried,Tier 3,1
30,227093,9,761,37415,1612818,24,Self-employed,Tier 1,1
23,87184,11,612,42770,1749676,60,Salaried,Tier 1,0
38,197017,10,617,20802,992621,60,Self-employed,Tier 2,1
56,31140,14,802,43601,148662,60,Salaried,Tier 1,1
42,144468,15,551,10420,1394337,36,Self-employed,Tier 3,1
54,101457,16,657,6642,712858,84,Self-employed,Tier 1,1
28,32357,1,835,19775,1987834,84,Self-employed,Tier 1,1
60,129672,17,598,28754,822592,60,Self-employed,Tier 2,1
39,86673,11,689,43310,966283,24,Salaried,Tier 3,1
57,139673,18,767,4357,423221,36,Self-employed,Tier 3,1
26,83633,17,593,21263,1084023,84,Self-employed,Tier 3,1
46,226015,16,818,48367,1935632,60,Self-employed,Tier 1,1
54,114111,5,627,13201,846060,36,Self-employed,Tier 3,1
26,96258,14,765,2739,443545,24,Self-employed,Tier 3,1
57,161996,2,647,13231,350763,60,Salaried,Tier 1,1
53,87286,5,785,42278,1105608,12,Self-employed,Tier 2,1
42,111269,2,831,42495,1802030,72,Salaried,Tier 2,1
41,92071,0,698,21168,1398754,24,Salaried,Tier 1,1
26,206398,12,615,32624,676946,48,Self-employed,Tier 2,1
26,239095,20,783,10635,957555,48,Self-employed,Tier 2,1
24,48651,13,636,9964,1614458,24,Salaried,Tier 2,0
50,88202,12,628,27785,1971166,48,Salaried,Tier 3,1
31,66777,3,754,29510,1678128,84,Salaried,Tier 2,1
50,166066,6,828,17261,1716984,24,Self-employed,Tier 3,1
51,85263,9,803,19254,97850,12,Salaried,Tier 2,1
44,208706,6,679,11392,1627586,24,Salaried,Tier 3,1
29,118158,20,633,12336,329916,60,Self-employed,Tier 1,1
23,28800,14,825,11939,398249,60,Salaried,Tier 1,1
51,55823,14,736,27412,484895,36,Self-employed,Tier 2,1
60,81878,3,595,16676,1036275,48,Salaried,Tier 3,0
57,36708,5,732,9843,54576,72,Self-employed,Tier 1,1
56,161891,19,817,45591,1780643,48,Salaried,Tier 1,1
44,223977,4,845,25112,1460124,84,Self-employed,Tier 1,1
51,81870,19,649,30598,484848,24,Self-employed,Tier 1,0
26,27283,11,627,35454,1664340,72,Salaried,Tier 2,0
22,179645,0,821,33001,1346868,72,Self-employed,Tier 3,1
40,96707,7,711,27228,1522077,48,Salaried,Tier 1,0
48,180005,0,593,14429,860586,72,Self-employed,Tier 2,1
31,23774,4,787,18758,1511846,72,Self-employed,Tier 1,1
24,221127,5,683,2272,1377885,60,Self-employed,Tier 1,1
35,160055,20,741,17350,64439,12,Self-employed,Tier 1,1
26,114468,2,827,22538,1478931,24,Self-employed,Tier 1,1
50,114334,14,567,3400,1667382,48,Self-employed,Tier 2,0
58,36133,4,561,15371,1317699,60,Self-employed,Tier 3,0
22,164011,13,729,37310,1649826,84,Salaried,Tier 2,1
35,18781,17,672,36291,813445,84,Salaried,Tier 2,1
31,132586,15,795,18147,1398483,36,Self-employed,Tier 2,1
28,205772,5,771,3291,166189,72,Self-employed,Tier 1,1
46,45624,13,600,35256,1208866,72,Self-employed,Tier 3,0
25,24823,7,620,10892,1031598,48,Salaried,Tier 1,1
26,36489,6,597,34326,1995822,12,Self-employed,Tier 2,0
46,189033,7,568,37458,855896,12,Salaried,Tier 1,1
24,47118,12,811,38889,1009540,48,Self-employed,Tier 3,1
39,118417,5,633,44966,173980,48,Self-employed,Tier 3,0
40,99816,17,704,37207,277021,60,Self-employed,Tier 1,1
53,171335,1,602,40288,738630,84,Self-employed,Tier 2,0
40,31565,7,656,25995,1140875,48,Self-employed,Tier 1,1
32,169426,10,684,5409,791165,84,Salaried,Tier 2,1
21,192023,0,618,42438,81541,36,Self-employed,Tier 3,1
46,109179,5,560,44874,1434265,84,Salaried,Tier 1,0
34,41648,15,692,44702,525759,60,Salaried,Tier 3,1
58,199801,19,741,29823,797358,72,Self-employed,Tier 2,1
57,59971,11,618,7869,179188,72,Self-employed,Tier 2,0
31,36658,10,572,35724,258150,84,Self-employed,Tier 1,0
56,39253,9,730,22401,526186,72,Salaried,Tier 1,1
33,213238,2,842,25958,1914773,72,Salaried,Tier 1,1
23,197635,12,558,10766,1908777,24,Salaried,Tier 3,1
53,175462,2,820,19768,269073,36,Self-employed,Tier 2,1
26,106664,14,642,30794,530620,60,Salaried,Tier 2,1
30,200650,15,566,26145,594444,60,Salaried,Tier 3,1
25,228097,12,703,10086,791196,72,Salaried,Tier 1,1
43,121850,16,698,43203,1542273,12,Self-employed,Tier 1,0
30,181730,2,816,26442,718795,60,Salaried,Tier 3,1
22,155924,19,655,16412,775010,36,Salaried,Tier 2,1
33,244058,10,584,25596,751696,48,Self-employed,Tier 2,1
60,151623,20,668,10255,1172207,36,Self-employed,Tier 2,1
22,89947,18,563,42406,874341,72,Self-employed,Tier 2,1
40,79001,10,563,40524,643775,72,Salaried,Tier 3,0
21,198231,15,815,23332,988972,24,Salaried,Tier 2,1
57,140775,20,689,44624,535825,84,Salaried,Tier 3,1
29,200779,2,843,15764,359799,60,Self-employed,Tier 1,1
37,51243,5,668,27563,477557,84,Salaried,Tier 3,0
29,170872,13,787,22139,1865599,84,Self-employed,Tier 2,1
31,93939,17,583,36370,769542,60,Self-employed,Tier 1,1
35,75828,16,718,5062,1150362,60,Salaried,Tier 3,1
44,156311,3,559,44645,118304,72,Salaried,Tier 3,0
58,24710,14,671,7244,415750,60,Salaried,Tier 3,1
55,170456,10,694,6372,1276162,12,Self-employed,Tier 1,1
50,170110,2,772,39873,1743802,12,Self-employed,Tier 3,1
51,189918,2,806,19965,1525771,48,Salaried,Tier 2,1
25,237055,15,817,44997,534103,60,Self-employed,Tier 1,1
34,216893,4,553,16956,1965989,24,Salaried,Tier 1,0
31,55991,20,655,40473,105107,48,Salaried,Tier 3,1
29,228129,9,634,13894,572058,72,Salaried,Tier 2,1
54,156043,18,763,45048,1343767,60,Self-employed,Tier 1,1
32,178211,3,670,33382,1755096,12,Self-employed,Tier 3,1
55,103445,18,681,4050,400041,24,Salaried,Tier 2,1
55,226139,10,746,16709,1171153,48,Salaried,Tier 3,1
21,98257,1,568,15722,789663,24,Self-employed,Tier 3,1
60,233814,9,679,15210,454062,60,Salaried,Tier 1,1
42,55711,10,561,49510,310933,36,Self-employed,Tier 1,0
49,24530,19,630,36545,1727044,24,Salaried,Tier 3,1
28,29116,15,811,38674,332068,24,Self-employed,Tier 1,1
31,83794,18,674,34489,1471913,72,Salaried,Tier 1,1
57,149354,10,816,17733,719242,12,Self-employed,Tier 2,1
34,228545,13,689,20080,1834210,60,Salaried,Tier 2,1
50,150970,1,551,36664,1054059,24,Self-employed,Tier 3,1
55,22135,4,557,39709,1099671,60,Self-employed,Tier 3,0
41,155701,4,799,46232,416349,12,Self-employed,Tier 3,1
57,127472,18,688,38014,1794919,72,Self-employed,Tier 3,1
25,143147,20,673,41152,1078719,60,Salaried,Tier 2,1
39,234192,11,777,27250,1636987,84,Self-employed,Tier 1,1
34,107087,17,559,20229,1585460,12,Self-employed,Tier 2,0
46,214103,3,761,48137,771975,12,Salaried,Tier 3,1
24,51380,16,661,16475,538409,48,Self-employed,Tier 3,0
45,147951,9,557,46412,881710,72,Salaried,Tier 2,0
45,35071,19,841,43876,1982919,72,Self-employed,Tier 2,1
38,38074,5,802,29011,101999,84,Self-employed,Tier 3,1
60,239796,13,563,8128,1916161,60,Self-employed,Tier 1,1
28,85843,10,789,32450,1379064,36,Self-employed,Tier 3,1
59,57901,10,791,18897,1853713,84,Self-employed,Tier 2,1
60,29205,17,698,8168,1660520,48,Self-employed,Tier 3,1
34,204733,17,785,6861,251587,72,Salaried,Tier 3,1
52,142661,10,716,41758,1883451,12,Salaried,Tier 1,1
58,23906,20,569,13750,313356,72,Self-employed,Tier 3,0
53,151663,11,765,16988,1743249,84,Self-employed,Tier 3,1
43,143576,4,684,2979,190073,36,Salaried,Tier 3,1
35,80987,8,678,23524,1177360,24,Salaried,Tier 2,1
53,212442,8,843,7065,935155,24,Self-employed,Tier 2,1
45,98685,9,795,37684,393288,72,Self-employed,Tier 1,1
37,128454,18,738,23184,605656,72,Self-employed,Tier 3,1
53,123487,0,593,33365,1824755,48,Self-employed,Tier 2,0
22,72400,6,635,23704,1159736,72,Self-employed,Tier 1,0
34,174222,3,593,5622,731214,36,Self-employed,Tier 3,1
60,49852,0,694,18261,322859,72,Salaried,Tier 1,1
60,191942,14,600,44932,1573493,60,Self-employed,Tier 1,0
59,70756,7,791,28419,633072,84,Self-employed,Tier 1,1
26,133357,11,843,34467,441337,36,Salaried,Tier 1,1
26,137052,17,600,25605,1460364,48,Salaried,Tier 1,1
23,74481,14,815,29171,1125373,60,Salaried,Tier 1,1
27,19283,16,669,22164,1408293,60,Salaried,Tier 1,0
28,51691,13,749,49868,1961128,84,Self-employed,Tier 3,1
35,150197,13,797,46197,1637644,24,Salaried,Tier 3,1
49,216137,17,619,13796,612193,36,Salaried,Tier 1,1
53,44170,19,606,36854,989077,84,Self-employed,Tier 3,1
50,26438,17,588,31320,1738913,60,Salaried,Tier 1,0
59,38095,15,838,665,703939,48,Salaried,Tier 3,1
47,165226,0,567,32694,1656223,84,Self-employed,Tier 2,0
56,157076,10,769,24230,378206,24,Self-employed,Tier 1,1
49,27752,14,793,22995,1696255,60,Self-employed,Tier 2,1
58,73426,11,847,26784,1404183,84,Self-employed,Tier 1,1
53,44819,7,832,14605,149596,36,Self-employed,Tier 1,1
57,110051,19,623,17463,1870278,24,Self-employed,Tier 2,0
47,173289,5,659,8419,931450,36,Self-employed,Tier 2,1
53,237780,2,729,47952,1901579,36,Salaried,Tier 2,1
24,50994,12,581,33837,1096072,36,Salaried,Tier 1,0
42,164108,12,783,5263,724502,84,Self-employed,Tier 2,1
22,226347,1,831,48877,861536,24,Salaried,Tier 2,1
30,115756,4,574,40719,58625,84,Self-employed,Tier 3,1
25,198488,16,828,45687,1399919,84,Salaried,Tier 3,1
30,158659,5,775,34131,1481445,84,Self-employed,Tier 2,1
53,113665,1,606,37276,459142,60,Salaried,Tier 2,0
58,149717,3,729,34523,343362,72,Self-employed,Tier 2,1
33,180002,10,781,519,1798408,12,Salaried,Tier 2,1
51,99835,7,836,31106,404060,60,Self-employed,Tier 3,1
56,140232,11,613,44504,1221758,24,Salaried,Tier 1,0
44,179162,7,781,10514,1643430,12,Salaried,Tier 2,1
35,236561,10,838,47456,1131781,12,Self-employed,Tier 2,1
49,201214,19,762,7233,1207660,12,Salaried,Tier 3,1
28,175547,7,807,1102,79717,72,Salaried,Tier 2,1
25,167960,7,567,597,1803920,84,Salaried,Tier 2,0
49,61732,16,724,46715,943724,48,Salaried,Tier 3,1
24,230695,19,778,19657,992639,24,Salaried,Tier 2,1
32,64305,19,775,45009,1782100,72,Self-employed,Tier 2,1
22,195109,15,633,38549,1041993,72,Self-employed,Tier 3,1
47,27346,13,840,43565,1399282,48,Salaried,Tier 1,1
51,18587,10,795,6256,1560902,12,Self-employed,Tier 2,1
56,30763,6,659,43148,70169,84,Salaried,Tier 2,1
56,208237,15,803,29401,1027362,48,Self-employed,Tier 1,1
46,87615,12,637,41548,858036,48,Salaried,Tier 3,1
47,185188,14,621,6554,401814,72,Salaried,Tier 1,1
25,138987,15,579,12664,426749,24,Salaried,Tier 2,1
40,234823,20,721,42367,1449458,36,Salaried,Tier 1,1
31,109353,8,726,48279,1492476,84,Self-employed,Tier 3,1
30,239373,2,688,24386,702428,48,Self-employed,Tier 2,1
60,113648,18,743,4846,152537,84,Self-employed,Tier 3,1
58,43556,19,735,26205,1869201,48,Salaried,Tier 3,1
26,77042,4,767,25570,685589,12,Self-employed,Tier 1,1
28,36099,9,713,30255,320151,84,Self-employed,Tier 1,1
43,127089,16,710,21182,951347,12,Salaried,Tier 3,1
46,194168,14,562,39373,1330280,72,Salaried,Tier 3,1
32,221058,7,845,43019,1215995,12,Salaried,Tier 2,1
46,162302,14,638,16043,1402507,84,Self-employed,Tier 3,1
33,178081,20,591,45532,886014,60,Self-employed,Tier 3,1
60,220041,13,759,35754,1828727,84,Salaried,Tier 1,1
38,51866,19,778,400,803158,48,Self-employed,Tier 3,1
45,123400,6,824,19239,1968637,12,Salaried,Tier 3,1
53,102246,20,828,10416,842214,24,Self-employed,Tier 1,1
60,94975,11,800,3412,641058,60,Salaried,Tier 2,1
32,190927,16,757,16440,1680509,72,Self-employed,Tier 1,1
56,99557,16,689,24406,1726373,36,Self-employed,Tier 1,1
24,155488,9,829,1875,1329372,48,Self-employed,Tier 3,1
25,90516,18,583,37066,865636,48,Salaried,Tier 3,1
57,204987,13,567,36536,1640016,24,Salaried,Tier 2,0
28,167130,10,606,5752,1622730,36,Salaried,Tier 3,0
48,225709,1,661,21217,498402,36,Self-employed,Tier 2,1
51,189790,17,554,12489,1861836,72,Salaried,Tier 2,1
29,50602,6,731,1353,402699,72,Self-employed,Tier 2,1
49,223730,11,562,26986,266096,60,Salaried,Tier 2,1
34,227184,1,834,21371,808019,48,Salaried,Tier 3,1
60,207139,19,808,39365,331833,12,Self-employed,Tier 1,1
42,176588,17,639,14691,1804626,72,Self-employed,Tier 1,1
31,147295,5,653,4311,1585834,24,Salaried,Tier 3,1
43,105969,9,735,48075,395395,24,Salaried,Tier 3,1
21,150161,19,799,10794,1286968,24,Self-employed,Tier 2,1
57,186418,14,804,2934,1031730,84,Self-employed,Tier 3,1
41,223735,4,625,16406,1810027,72,Salaried,Tier 1,1
46,159559,19,657,10394,1467285,72,Self-employed,Tier 3,0
56,18155,2,705,26872,1571093,24,Salaried,Tier 3,1
43,141950,4,631,41708,1137288,72,Salaried,Tier 2,1
21,85494,7,626,49956,831675,84,Salaried,Tier 2,1
60,94229,7,807,41093,286502,12,Self-employed,Tier 2,1
35,122648,7,676,20800,1294925,12,Salaried,Tier 2,0
41,56547,11,831,43397,1410352,60,Salaried,Tier 1,1
29,46795,7,637,37909,1005535,48,Self-employed,Tier 3,0
29,204368,10,753,21352,1643342,12,Self-employed,Tier 3,1
30,39447,13,565,36439,72551,60,Self-employed,Tier 2,1
46,185670,7,700,28312,1146644,36,Salaried,Tier 1,1
55,190886,9,803,40060,143608,48,Self-employed,Tier 1,1
45,239823,6,737,15438,609849,12,Self-employed,Tier 3,1
46,224402,16,581,23385,1232540,84,Salaried,Tier 2,1
31,247817,3,820,44999,336539,36,Salaried,Tier 3,1
58,105960,12,554,18482,1641620,60,Salaried,Tier 3,1
22,81278,3,718,32471,297652,12,Salaried,Tier 1,1
27,73077,4,730,47279,1002155,12,Self-employed,Tier 1,1
38,130782,3,727,43877,301227,72,Salaried,Tier 3,1
47,120932,17,692,41212,378477,36,Self-employed,Tier 2,1
54,220978,5,797,48373,516961,12,Salaried,Tier 2,1
47,158600,1,676,13026,549755,24,Salaried,Tier 3,1
37,242884,10,812,42089,754666,84,Self-employed,Tier 3,1
44,199172,13,589,19648,1775282,72,Self-employed,Tier 2,0
45,127869,4,804,5435,1998569,72,Self-employed,Tier 2,1
27,157251,5,692,8493,1913032,12,Salaried,Tier 2,1
26,66781,9,789,6691,800310,84,Salaried,Tier 3,1
44,204339,7,777,2763,1610560,72,Self-employed,Tier 1,1
53,231451,13,747,20389,1532610,48,Self-employed,Tier 2,1
49,173024,2,614,31498,1628811,36,Salaried,Tier 2,0
42,71798,11,560,36009,1042657,48,Self-employed,Tier 2,0
46,116696,15,657,35825,1578032,60,Self-employed,Tier 3,0
48,68939,16,575,16934,177192,48,Salaried,Tier 1,1
41,47516,0,700,5574,1880455,84,Self-employed,Tier 1,1
27,205598,9,770,38179,930670,24,Salaried,Tier 2,1
37,159521,9,786,1587,1428148,72,Salaried,Tier 3,1
40,68290,20,786,42782,997258,84,Salaried,Tier 1,1
40,144688,1,768,38688,375499,72,Self-employed,Tier 3,1
42,104661,8,700,11688,1550033,24,Self-employed,Tier 1,1
48,90954,12,672,4409,512176,72,Self-employed,Tier 2,1
60,40746,15,693,5783,832780,48,Self-employed,Tier 3,1
27,85990,17,738,33480,288826,60,Salaried,Tier 2,1
21,76810,18,804,26751,1767354,12,Salaried,Tier 1,1
52,136362,11,617,38174,800782,24,Self-employed,Tier 1,1
33,232369,7,653,12041,1854255,48,Self-employed,Tier 2,1
50,164295,16,708,23227,531809,84,Self-employed,Tier 1,1
43,221309,14,849,35201,1284832,48,Self-employed,Tier 2,1
39,151669,9,639,36069,1042934,48,Salaried,Tier 2,1
52,214749,14,805,16654,1868182,12,Self-employed,Tier 2,1
50,20659,14,769,26370,222905,36,Salaried,Tier 1,1
49,104516,6,558,29482,443781,72,Self-employed,Tier 3,0
49,92567,12,561,11586,1116978,72,Self-employed,Tier 2,1
50,33037,16,793,5322,1272493,84,Self-employed,Tier 3,1
36,144498,8,731,13932,1698715,60,Salaried,Tier 1,1
60,195810,7,833,29299,1111410,84,Self-employed,Tier 1,1
39,220750,19,648,25179,642138,36,Salaried,Tier 3,1
38,30109,20,746,5257,87180,72,Salaried,Tier 2,1
21,40010,17,775,46501,1495675,60,Self-employed,Tier 1,1
34,26787,12,652,46136,683976,84,Salaried,Tier 2,1
22,157544,15,655,9777,1305235,60,Salaried,Tier 2,1
48,172455,8,607,11249,1467240,48,Salaried,Tier 3,1
50,79709,11,627,21390,1896703,24,Self-employed,Tier 1,0
58,218857,11,624,20369,1225711,48,Salaried,Tier 3,1
24,52518,5,591,12881,204195,12,Salaried,Tier 1,1
21,71909,18,730,9587,1681345,72,Self-employed,Tier 3,1
28,36351,6,582,28264,647726,60,Self-employed,Tier 1,0
49,218696,2,620,8791,685779,84,Salaried,Tier 1,1
59,202402,15,605,41473,572741,24,Salaried,Tier 1,1
23,33282,17,654,22375,460789,84,Salaried,Tier 2,0
52,233938,15,749,22611,1744708,72,Salaried,Tier 2,1
30,170850,6,650,42026,407054,60,Self-employed,Tier 3,1
30,173336,3,805,7833,1155070,60,Self-employed,Tier 3,1
39,208747,7,623,47013,455504,48,Salaried,Tier 1,1
54,23075,12,720,15754,1931986,24,Self-employed,Tier 1,1
53,225020,12,692,42048,1039924,24,Salaried,Tier 2,1
43,197526,16,715,12577,429989,72,Self-employed,Tier 2,1
48,46365,16,810,31095,781455,60,Self-employed,Tier 2,1
52,221838,4,770,21248,1153248,24,Salaried,Tier 3,1
27,197272,5,632,35282,1684685,24,Salaried,Tier 2,0
49,29002,18,731,36737,1968669,84,Salaried,Tier 3,1
28,31947,12,559,31891,119224,72,Salaried,Tier 2,0
21,228294,13,553,24124,1974413,48,Self-employed,Tier 2,0
23,112840,3,841,4566,1079922,84,Self-employed,Tier 1,1
44,134219,6,830,2196,284745,84,Salaried,Tier 3,1
43,96610,7,764,31115,104796,36,Self-employed,Tier 2,1
28,70142,12,647,49941,1536498,12,Self-employed,Tier 1,0
57,74307,5,650,19859,1751418,36,Salaried,Tier 3,1
23,153565,5,558,11345,1484497,24,Salaried,Tier 3,0
53,68085,20,610,34077,316167,60,Self-employed,Tier 2,1
48,52228,2,695,864,1868222,12,Salaried,Tier 3,1
28,228748,2,612,12055,787996,12,Salaried,Tier 1,1
54,200947,12,670,38157,1266383,60,Self-employed,Tier 1,1
55,180727,1,775,19747,1957967,12,Self-employed,Tier 3,1
52,61472,15,654,44484,613506,60,Salaried,Tier 1,0
44,67437,5,809,11978,979717,12,Self-employed,Tier 3,1
34,198488,7,804,24599,1593311,84,Salaried,Tier 1,1
52,77711,7,756,35771,565729,72,Salaried,Tier 3,1
36,155888,5,577,46942,1328342,72,Self-employed,Tier 3,0
24,95175,13,719,46540,864892,36,Self-employed,Tier 3,1
57,82307,2,625,17615,901112,84,Salaried,Tier 1,0
41,64733,9,665,40727,1129593,12,Salaried,Tier 3,1
34,146202,2,618,44748,1066040,48,Salaried,Tier 3,1
51,113028,11,783,39349,404182,60,Self-employed,Tier 2,1
38,160312,16,550,29377,998494,84,Salaried,Tier 2,0
27,247306,4,716,30031,593803,12,Self-employed,Tier 3,1
30,110493,19,767,49573,1521783,72,Salaried,Tier 2,1
27,143149,8,822,42733,450850,72,Self-employed,Tier 3,1
53,247416,20,800,11760,258106,60,Salaried,Tier 2,1
43,220435,19,723,47690,996881,48,Self-employed,Tier 1,1
41,181834,6,719,33714,869433,12,Salaried,Tier 1,1
39,26259,3,795,25762,1624255,12,Salaried,Tier 3,1
39,199211,12,639,34332,770566,48,Salaried,Tier 3,1
56,146775,12,598,40100,1732252,48,Salaried,Tier 1,0
49,32849,9,843,4944,1402935,48,Self-employed,Tier 1,1
38,99768,17,699,48825,654008,72,Self-employed,Tier 2,1
22,124108,16,681,13877,339258,60,Self-employed,Tier 3,1
21,107709,19,608,29990,1765818,84,Self-employed,Tier 1,1
25,72869,19,748,42907,949574,48,Self-employed,Tier 1,1
40,144888,12,764,34076,722633,60,Salaried,Tier 3,1
31,81095,16,598,49538,1466926,36,Self-employed,Tier 2,0
22,135886,3,781,3258,1668511,12,Self-employed,Tier 2,1
23,88910,0,796,31629,1574457,12,Self-employed,Tier 2,1
43,235782,0,788,37579,1818828,24,Self-employed,Tier 2,1
32,41567,14,717,22958,616967,36,Salaried,Tier 1,0
40,53292,12,597,39465,1361147,84,Salaried,Tier 3,1
25,92813,16,600,20317,1850888,48,Salaried,Tier 3,1
57,115136,7,848,15775,640555,48,Salaried,Tier 1,1
58,69631,17,647,11039,50799,84,Self-employed,Tier 1,1
50,27885,12,765,29097,1416379,72,Self-employed,Tier 1,1
29,208731,13,726,34207,1586201,36,Salaried,Tier 3,1
54,203378,7,629,22553,1629889,48,Salaried,Tier 3,0
55,84314,7,734,44402,588769,24,Self-employed,Tier 3,1
42,83087,14,576,55,337555,60,Self-employed,Tier 2,0
44,178237,12,744,23161,1850830,12,Salaried,Tier 1,1
37,208001,6,763,32873,1728792,36,Salaried,Tier 1,1
30,216100,4,663,35969,697302,12,Salaried,Tier 1,1
50,113998,16,791,15184,458177,60,Salaried,Tier 3,1
43,67812,15,673,669,1513559,36,Self-employed,Tier 1,1
52,199572,1,625,12663,564111,60,Self-employed,Tier 1,1
37,228223,17,745,25318,1150266,48,Self-employed,Tier 2,1
37,76643,16,593,33734,627158,84,Salaried,Tier 3,1
34,62900,6,735,16691,1074040,48,Self-employed,Tier 1,1
29,192018,12,795,18522,741495,84,Self-employed,Tier 3,1
60,156923,17,633,11656,136928,48,Salaried,Tier 3,1
22,34288,13,756,15893,1620497,60,Salaried,Tier 3,1
45,90692,17,700,45857,784158,60,Salaried,Tier 2,1
59,216652,12,705,16493,645053,60,Salaried,Tier 3,1
29,156440,10,565,3632,1384492,12,Salaried,Tier 3,1
42,103436,20,714,30336,855231,60,Salaried,Tier 3,1
24,245208,20,694,23112,1472771,48,Self-employed,Tier 1,1
46,64403,15,586,38452,704229,24,Self-employed,Tier 2,1
49,109170,16,594,13266,1122131,60,Self-employed,Tier 1,1
54,27168,7,755,16940,1977160,24,Self-employed,Tier 2,0
43,235569,18,611,24003,1487939,84,Self-employed,Tier 2,1
57,67879,19,568,32872,1496053,48,Self-employed,Tier 3,0
31,77871,14,849,34815,431977,60,Salaried,Tier 3,1
26,238460,8,556,30869,905434,12,Salaried,Tier 1,0
38,247718,19,798,49297,358697,12,Salaried,Tier 2,1
41,50174,9,666,17257,1363808,84,Self-employed,Tier 3,1
56,248823,11,617,16682,1668647,24,Self-employed,Tier 3,1
58,241563,20,583,19622,575403,72,Salaried,Tier 3,0
54,155653,19,743,30408,1037618,12,Salaried,Tier 3,1
37,128155,0,604,8837,773486,12,Salaried,Tier 1,1
57,89853,19,815,15407,122908,12,Salaried,Tier 1,1
45,82046,8,591,29309,1691973,48,Salaried,Tier 3,0
58,67678,14,846,6382,1887986,12,Self-employed,Tier 3,1
32,44649,0,780,27654,421087,36,Self-employed,Tier 3,1
43,145795,11,559,18895,59422,60,Self-employed,Tier 3,1
42,106668,2,677,33551,224698,84,Salaried,Tier 3,1
41,231397,10,728,21376,663521,12,Self-employed,Tier 2,1
47,163639,1,742,370,892606,72,Salaried,Tier 2,1
51,229476,15,641,48676,1588148,72,Self-employed,Tier 2,0
26,107906,8,780,486,1136319,12,Salaried,Tier 2,1
47,114019,14,627,23762,1824397,12,Salaried,Tier 3,1
60,211016,11,634,26613,500415,36,Self-employed,Tier 2,1
54,96002,0,579,47268,1491008,12,Self-employed,Tier 2,0
32,46803,12,762,3196,703288,12,Self-employed,Tier 1,1
27,167302,13,598,42320,1483498,60,Self-employed,Tier 2,1
30,166934,7,814,29401,1652294,72,Self-employed,Tier 2,1
37,192427,7,694,35029,78834,36,Salaried,Tier 3,1
46,180331,11,618,10813,598723,72,Self-employed,Tier 2,1
41,248147,0,607,41916,1185788,36,Self-employed,Tier 2,1
48,236517,10,734,8572,1678661,72,Salaried,Tier 3,1
22,48795,7,611,47776,486770,12,Self-employed,Tier 2,0
21,26770,9,845,28225,628843,72,Salaried,Tier 3,1
56,29093,18,715,45853,135350,72,Self-employed,Tier 2,1
46,195643,10,720,49390,64716,36,Self-employed,Tier 1,1
49,149265,6,612,32275,1158837,84,Salaried,Tier 1,1
41,118311,10,696,6843,995032,24,Self-employed,Tier 2,1
31,35569,16,710,1105,838427,36,Self-employed,Tier 1,1
60,29190,0,690,43209,1645278,36,Self-employed,Tier 3,0
31,80824,20,646,31639,1767780,36,Self-employed,Tier 2,1
56,191824,20,770,42487,742019,48,Salaried,Tier 3,1
59,181399,7,592,18051,1114098,84,Salaried,Tier 1,1
60,60070,5,841,28708,1597241,48,Self-employed,Tier 3,1
55,234997,17,657,35459,1490352,48,Self-employed,Tier 1,1
54,58197,5,815,11864,1959042,36,Salaried,Tier 1,1
44,20261,4,644,34764,1927330,24,Salaried,Tier 1,0
42,242977,12,811,1425,379782,36,Self-employed,Tier 3,1
25,175584,18,620,49146,937766,12,Salaried,Tier 1,1
53,155788,7,768,6849,1762460,24,Salaried,Tier 2,1
56,104795,8,570,36015,605134,48,Salaried,Tier 1,0
40,46933,16,641,18976,910075,72,Salaried,Tier 2,1
39,153450,2,676,34258,1027600,72,Self-employed,Tier 2,1
55,58583,18,629,47078,1737794,84,Salaried,Tier 2,0
37,130082,10,787,31113,1385119,60,Self-employed,Tier 2,1
54,103371,16,731,49984,780520,84,Self-employed,Tier 3,1
29,178105,20,574,15401,273734,24,Salaried,Tier 2,1
46,173072,18,705,12884,1098278,48,Self-employed,Tier 1,1
22,129032,1,554,18824,794027,24,Self-employed,Tier 2,0
29,224940,7,669,37563,173182,24,Salaried,Tier 1,1
29,60604,18,826,34414,98591,72,Salaried,Tier 3,1
60,217408,6,567,16142,1250362,36,Salaried,Tier 2,1
37,113074,16,747,47074,1073671,12,Self-employed,Tier 1,1
21,244727,5,606,49592,1396597,60,Self-employed,Tier 3,1
45,91869,18,642,5956,134106,48,Self-employed,Tier 3,1
60,23410,5,568,13928,1700882,24,Self-employed,Tier 1,0
45,101375,1,742,9721,411998,60,Salaried,Tier 2,1
59,205116,5,786,11157,214486,24,Self-employed,Tier 3,1
55,212387,4,826,35135,1743696,72,Salaried,Tier 1,1
23,114055,18,776,6696,660864,12,Salaried,Tier 2,1
57,220416,19,782,27862,784303,72,Salaried,Tier 3,1
50,155868,3,589,5190,1877528,60,Salaried,Tier 1,1
58,104716,16,702,4663,1799404,48,Self-employed,Tier 3,1
54,72245,10,676,39830,785062,24,Salaried,Tier 3,1
32,61056,3,786,4331,777468,12,Self-employed,Tier 1,1
39,166781,12,604,44648,142508,72,Salaried,Tier 3,0
57,76557,19,721,28549,1407555,60,Salaried,Tier 1,1
37,35543,16,658,16246,768693,72,Salaried,Tier 2,1
30,186490,8,733,25761,1665328,24,Self-employed,Tier 1,1
32,243683,3,747,3262,948886,24,Salaried,Tier 2,1
36,114038,13,636,46088,728283,48,Salaried,Tier 3,1
44,165796,18,750,7036,1214638,12,Salaried,Tier 1,1
39,21828,2,824,22322,1029359,36,Salaried,Tier 1,1
28,134656,13,760,19131,1952453,72,Self-employed,Tier 1,1
51,35087,7,667,4677,422598,24,Self-employed,Tier 1,0
41,161677,0,740,7972,672672,60,Salaried,Tier 2,1
37,49337,9,591,15329,1821555,72,Salaried,Tier 2,0
43,154554,17,591,37032,751506,48,Self-employed,Tier 3,0
57,83333,15,825,35901,1420752,48,Self-employed,Tier 3,1
36,241613,7,566,44380,1474241,24,Self-employed,Tier 3,0
26,237368,0,832,20493,952810,24,Salaried,Tier 3,1
28,200024,11,807,18595,591428,24,Self-employed,Tier 1,1
45,154535,7,612,21923,314814,84,Salaried,Tier 2,1
38,88448,15,611,46926,1397239,36,Self-employed,Tier 2,0
45,22648,17,649,9735,1667376,24,Self-employed,Tier 2,0
32,148576,3,568,34457,1025315,72,Salaried,Tier 2,1
35,51623,5,566,42531,153565,72,Self-employed,Tier 3,0
46,208228,11,795,7727,720051,84,Salaried,Tier 1,1
46,53634,8,800,7764,941588,84,Self-employed,Tier 2,1
52,193674,14,630,45771,1788198,12,Salaried,Tier 1,1
30,132598,15,588,27599,235964,60,Self-employed,Tier 1,1
36,67334,11,585,818,1648459,24,Self-employed,Tier 1,0
27,86648,13,746,47207,1286855,72,Salaried,Tier 1,1
37,40054,12,707,47845,1096094,84,Salaried,Tier 2,0
43,88028,1,753,37289,1345237,72,Salaried,Tier 2,1
46,40207,2,745,33892,1263088,72,Salaried,Tier 2,0
41,229722,9,765,5660,1369350,84,Self-employed,Tier 3,1
42,248893,8,834,29521,1523042,36,Self-employed,Tier 2,1
27,99554,19,745,38409,1358876,84,Self-employed,Tier 3,1
34,170458,7,701,34470,1338220,84,Self-employed,Tier 3,0
35,101276,9,563,18385,804108,60,Self-employed,Tier 3,1
27,208590,18,695,23296,1992469,84,Self-employed,Tier 2,1
29,70781,2,606,23616,782878,48,Salaried,Tier 2,0
28,201852,4,760,26382,1172767,84,Self-employed,Tier 2,1
43,210512,2,817,11139,1051622,72,Self-employed,Tier 3,1
49,193271,15,759,32060,1199167,24,Salaried,Tier 3,1
38,79035,16,566,22419,1686617,72,Self-employed,Tier 1,0
51,26210,14,835,27785,1602053,60,Self-employed,Tier 3,1
50,62363,2,752,15702,1683384,48,Self-employed,Tier 3,1
59,96279,11,648,29217,316152,84,Salaried,Tier 2,1
55,209420,8,828,39291,1536256,36,Salaried,Tier 1,1
38,204356,20,758,12397,419552,12,Self-employed,Tier 1,1
59,221196,11,678,40879,312640,84,Salaried,Tier 1,1
37,217919,14,837,35169,411911,24,Self-employed,Tier 2,1
34,171504,1,801,26940,1096251,12,Self-employed,Tier 1,1
51,213161,17,814,42249,335356,36,Self-employed,Tier 1,1
44,204470,19,820,28341,1905645,60,Salaried,Tier 2,1
55,248363,11,737,10067,881659,60,Self-employed,Tier 1,1
54,152393,3,763,46144,1574205,36,Self-employed,Tier 3,1
23,99348,15,832,13824,956185,72,Self-employed,Tier 3,1
57,186455,15,760,13444,1218694,36,Self-employed,Tier 3,1
60,131816,0,625,45647,1837282,84,Self-employed,Tier 3,0
46,227754,1,697,48880,322028,24,Salaried,Tier 3,1
43,141053,2,762,33307,166481,48,Self-employed,Tier 3,1
59,228262,20,658,10974,118259,84,Salaried,Tier 3,1
35,201965,19,678,46614,99810,84,Self-employed,Tier 3,1
24,184892,16,559,38383,1228502,84,Salaried,Tier 3,1
49,84262,19,596,29290,1627625,12,Self-employed,Tier 2,1
42,152832,20,645,16016,1881278,12,Self-employed,Tier 2,1
45,171262,0,652,32112,66375,60,Salaried,Tier 3,1
33,85411,19,695,28513,288117,84,Salaried,Tier 2,1
38,41377,5,576,2956,992722,72,Self-employed,Tier 2,0
53,195809,14,769,8077,1260213,60,Salaried,Tier 3,1
36,218641,13,567,36490,152654,24,Salaried,Tier 3,1
22,56211,19,716,44827,869407,36,Self-employed,Tier 2,1
55,231981,14,631,37855,1781009,12,Self-employed,Tier 3,1
54,21744,13,621,43106,250798,84,Self-employed,Tier 3,0
50,42995,20,803,34938,182955,24,Self-employed,Tier 3,1
33,166049,4,711,36159,1035926,60,Self-employed,Tier 3,1
33,247010,5,587,39710,1803565,60,Salaried,Tier 2,0
38,52542,16,750,18000,1818106,12,Self-employed,Tier 1,1
52,28651,10,749,13806,124489,60,Salaried,Tier 2,1
52,117239,15,804,47560,582669,72,Self-employed,Tier 1,1
55,96931,11,728,12809,194867,60,Self-employed,Tier 1,1
59,244416,14,584,14855,112999,48,Salaried,Tier 1,1
49,120112,3,631,41876,362051,36,Self-employed,Tier 2,0
49,34715,17,769,29388,906899,60,Salaried,Tier 2,1
36,193481,20,707,6458,1927631,48,Salaried,Tier 2,1
30,173378,2,553,35524,743852,24,Salaried,Tier 2,1
50,168158,7,716,6853,469627,60,Self-employed,Tier 2,1
45,163448,2,753,40477,947156,72,Self-employed,Tier 1,1
59,79350,7,743,32222,1250182,24,Self-employed,Tier 2,0
40,89425,17,784,18320,1520973,84,Self-employed,Tier 1,1
25,185708,9,755,28618,415213,60,Self-employed,Tier 2,1
21,104120,19,699,45615,594284,12,Self-employed,Tier 2,1
50,132889,16,708,17352,1826025,48,Salaried,Tier 3,1
23,200721,7,828,7297,1204258,48,Self-employed,Tier 1,1
34,183682,10,715,27940,395753,12,Self-employed,Tier 2,1
50,159130,4,617,49024,559220,36,Self-employed,Tier 2,1
24,92637,12,637,3203,1040170,84,Self-employed,Tier 2,1
38,227105,20,766,39267,1783341,72,Salaried,Tier 3,1
57,88194,4,550,37941,1462210,48,Salaried,Tier 1,0
45,94917,12,684,17273,1880836,24,Salaried,Tier 2,1
21,82200,5,734,25368,121325,72,Salaried,Tier 2,1
35,123848,4,689,11650,1651794,48,Salaried,Tier 2,1
29,124022,8,655,30984,426570,84,Self-employed,Tier 3,1
35,195691,15,682,41941,1116105,36,Salaried,Tier 2,1
44,166226,1,657,7382,627834,84,Salaried,Tier 1,1
24,168611,0,727,801,1368662,24,Self-employed,Tier 1,1
32,78058,7,847,41002,1892556,84,Self-employed,Tier 1,1
57,80068,18,695,46665,1510088,72,Salaried,Tier 1,1
57,226385,10,623,47965,756376,24,Self-employed,Tier 2,1
26,117932,11,657,19733,672068,12,Self-employed,Tier 3,1
59,179445,11,671,9969,1361016,60,Salaried,Tier 3,1
44,182226,6,566,35969,1166521,12,Self-employed,Tier 3,0
31,155103,12,745,16733,109980,72,Salaried,Tier 2,1
33,242605,7,846,32449,893214,60,Salaried,Tier 3,1
54,221047,8,801,26143,215301,12,Self-employed,Tier 1,1
45,40785,6,668,25705,670670,60,Salaried,Tier 2,1
27,228000,20,711,28363,1152020,48,Salaried,Tier 3,1
24,177741,14,747,30720,347180,84,Self-employed,Tier 1,1
28,112475,1,594,9972,1607474,24,Self-employed,Tier 1,1
40,20282,19,728,33351,1358762,60,Self-employed,Tier 2,1
49,183696,11,593,45487,1924330,48,Self-employed,Tier 2,0
30,197510,0,820,36145,732527,84,Salaried,Tier 3,1
54,238972,7,627,22412,888099,84,Self-employed,Tier 3,1
46,85534,4,727,24078,1717391,36,Self-employed,Tier 3,1
23,180777,14,552,22580,1181913,12,Salaried,Tier 2,1
26,187316,0,763,14855,1412188,36,Salaried,Tier 3,1
25,92964,0,623,36169,1171470,72,Salaried,Tier 3,0
25,186509,9,600,46404,496300,48,Salaried,Tier 1,0
43,226944,9,616,19569,637426,36,Self-employed,Tier 1,1
29,223950,20,642,48506,1383308,36,Self-employed,Tier 1,1
55,137006,14,725,25738,899333,84,Salaried,Tier 3,1
40,222054,16,694,6772,460887,48,Salaried,Tier 2,1
55,68583,5,556,24874,1093228,84,Salaried,Tier 1,0
38,56392,2,818,19731,1181614,24,Salaried,Tier 2,1
37,25461,12,553,10131,1523437,60,Self-employed,Tier 3,0
44,118123,15,687,788,1761573,72,Salaried,Tier 3,0
23,28516,7,780,16184,968164,72,Self-employed,Tier 1,1
52,228357,14,637,30897,419355,12,Salaried,Tier 2,1
55,166586,16,566,2889,843354,84,Self-employed,Tier 1,1
58,139251,16,601,9569,1716561,60,Self-employed,Tier 3,1
33,185340,12,683,21657,1274369,12,Self-employed,Tier 2,1
45,239558,16,760,10141,500472,72,Self-employed,Tier 1,1
29,249496,5,768,19656,826385,60,Salaried,Tier 3,1
24,185860,16,754,21618,953649,36,Self-employed,Tier 1,1
34,224821,15,760,11934,1954514,24,Salaried,Tier 2,1
57,210121,13,826,42537,250015,36,Self-employed,Tier 2,1
54,80493,12,573,23286,1222914,24,Self-employed,Tier 2,0
31,54027,5,553,7612,1126419,84,Salaried,Tier 2,0
23,111547,2,701,32069,1762982,48,Salaried,Tier 2,1
48,191921,13,808,16205,1056840,12,Self-employed,Tier 1,1
49,118127,13,717,27331,1031489,12,Self-employed,Tier 1,1
29,166930,14,725,13934,415208,48,Salaried,Tier 1,1
23,233234,7,840,10095,277997,60,Self-employed,Tier 1,1
45,97003,14,605,25958,1224993,48,Salaried,Tier 3,1
54,201467,12,657,37008,1215161,84,Salaried,Tier 3,1
32,57758,16,845,18706,604634,72,Salaried,Tier 1,1
29,72312,20,690,43516,269356,48,Self-employed,Tier 3,0
35,86670,2,704,38066,1483872,24,Self-employed,Tier 3,0
60,100279,5,811,31472,948201,72,Salaried,Tier 2,1
45,33434,4,822,34629,1725255,48,Salaried,Tier 1,1
25,213119,16,781,46910,534600,12,Salaried,Tier 3,1
31,196847,1,790,23004,1545318,36,Salaried,Tier 3,1
54,93769,14,807,20431,1958151,24,Self-employed,Tier 1,1
44,84677,4,798,40088,1921795,84,Salaried,Tier 2,1
35,101555,19,626,44135,870015,24,Self-employed,Tier 1,1
58,146379,5,729,38015,1242211,60,Salaried,Tier 2,1
28,234992,5,615,34502,227132,36,Self-employed,Tier 3,1
25,194806,17,720,31385,310609,24,Self-employed,Tier 2,1
46,119665,17,571,4663,696231,48,Self-employed,Tier 2,0
38,237575,3,656,38677,819822,24,Self-employed,Tier 1,1
26,189675,16,776,12818,739050,24,Self-employed,Tier 3,1
57,225780,13,765,22686,1471953,24,Salaried,Tier 1,1
33,230998,13,618,23977,275784,60,Salaried,Tier 1,1
48,86803,12,633,49832,64925,24,Self-employed,Tier 3,1
25,188404,6,652,40931,1840723,24,Salaried,Tier 1,1
33,109703,11,588,18454,1181760,60,Salaried,Tier 1,1
37,39312,14,562,13358,1699379,72,Salaried,Tier 2,0
60,242448,18,846,6668,249330,36,Salaried,Tier 1,1
52,233598,10,730,45784,710715,84,Salaried,Tier 3,1
49,193251,14,817,40769,1406789,72,Salaried,Tier 1,1
23,220514,11,562,9921,799695,12,Salaried,Tier 2,1
60,135961,2,669,34959,1199430,60,Self-employed,Tier 1,1
54,58379,16,606,32328,890903,60,Salaried,Tier 1,1
60,35297,2,589,8859,344849,24,Salaried,Tier 1,0
47,20011,18,677,23970,224981,24,Salaried,Tier 2,1
33,138234,19,722,8872,269678,84,Self-employed,Tier 3,1
53,62014,3,584,19230,178501,12,Self-employed,Tier 3,1
26,160810,2,808,26708,1214937,24,Salaried,Tier 2,1
44,112333,15,554,18847,1283387,48,Self-employed,Tier 2,0
39,196570,11,767,27105,257892,24,Self-employed,Tier 1,1
36,29120,7,560,4922,661561,24,Salaried,Tier 3,0
60,157839,16,666,4392,1383961,48,Self-employed,Tier 2,1
48,40852,6,733,13541,1519206,12,Salaried,Tier 3,1
53,97239,10,665,19551,100818,48,Self-employed,Tier 1,1
33,150001,17,711,19381,201967,60,Salaried,Tier 2,1
45,226559,0,616,47783,404451,48,Self-employed,Tier 3,1
56,109575,2,749,35995,1292057,36,Salaried,Tier 3,0
47,113040,3,580,22948,1547116,60,Salaried,Tier 1,1
58,166510,12,624,26728,1427640,24,Self-employed,Tier 2,1
27,197587,5,786,2024,496771,84,Salaried,Tier 3,1
25,23744,13,615,16713,168642,60,Salaried,Tier 1,1
51,232892,4,619,2486,1426173,12,Self-employed,Tier 3,1
43,191489,15,846,1155,859121,12,Salaried,Tier 1,1
30,156141,14,569,10082,245428,48,Salaried,Tier 3,1
52,60359,14,775,37245,1846947,60,Self-employed,Tier 3,1
50,168871,3,748,18569,451468,24,Salaried,Tier 1,1
59,116746,7,588,7086,867276,12,Self-employed,Tier 2,1
51,242834,15,694,2317,145687,72,Salaried,Tier 1,1
38,138906,15,594,36389,1597334,24,Self-employed,Tier 2,1
56,219260,3,640,4491,1908373,72,Self-employed,Tier 3,1
22,238931,12,787,15916,1759962,36,Salaried,Tier 3,1
34,25597,12,619,15248,1983311,72,Self-employed,Tier 1,1
33,65093,1,715,2511,340667,12,Salaried,Tier 1,1
49,186298,2,679,24226,564513,48,Salaried,Tier 2,1
32,221199,7,763,25025,1240130,36,Self-employed,Tier 2,1
59,132650,14,638,42314,162105,60,Salaried,Tier 2,1
22,240441,10,801,48380,1933896,24,Salaried,Tier 1,1
52,226434,8,621,7848,1736748,12,Self-employed,Tier 3,1
33,175489,6,714,14274,1729832,36,Salaried,Tier 1,1
47,167765,12,598,30958,1935118,36,Salaried,Tier 3,1
37,228746,1,601,35233,1844580,12,Self-employed,Tier 1,1
60,138956,7,838,16304,1492285,60,Salaried,Tier 1,1
51,133598,6,827,48437,1547986,60,Salaried,Tier 2,1
54,202233,11,663,11294,1704865,48,Self-employed,Tier 3,1
44,151241,18,788,26425,89767,84,Salaried,Tier 1,1
55,233164,6,682,3175,603838,72,Salaried,Tier 1,1
26,171124,9,823,40617,1622837,60,Self-employed,Tier 3,1
39,220921,15,715,45241,1243481,48,Salaried,Tier 1,1
50,222923,2,842,27775,1232618,72,Salaried,Tier 3,1
27,26036,9,792,9425,1721179,36,Self-employed,Tier 2,0
30,49778,5,687,26013,145494,12,Self-employed,Tier 2,0
52,176806,17,628,27928,1090016,60,Salaried,Tier 3,1
54,172245,17,719,44990,1750288,48,Salaried,Tier 2,1
48,179475,4,672,41212,950287,36,Self-employed,Tier 3,1
35,215393,20,725,8210,1181257,60,Salaried,Tier 1,1
50,220747,6,849,2759,1986497,24,Salaried,Tier 1,1
57,155416,1,631,16091,754537,84,Salaried,Tier 3,1
49,36800,10,636,2,966978,36,Self-employed,Tier 1,1
42,43372,12,774,40958,1350987,60,Salaried,Tier 2,1
24,79516,4,565,30160,766861,36,Salaried,Tier 1,0
40,38538,5,712,20707,603188,12,Self-employed,Tier 1,1
52,81918,13,647,15248,64126,12,Self-employed,Tier 3,1
56,164045,11,705,5773,1734062,84,Self-employed,Tier 2,1
24,89155,3,551,12786,1824626,12,Salaried,Tier 1,0
47,249312,5,718,15037,1841680,72,Salaried,Tier 1,1
37,77500,9,641,1885,391447,24,Self-employed,Tier 3,1
32,185647,17,730,39828,266651,12,Salaried,Tier 3,1
42,191333,14,780,16331,379205,24,Salaried,Tier 2,1
37,128659,7,850,40612,1590856,12,Salaried,Tier 1,1
30,45716,8,697,22495,66978,72,Salaried,Tier 3,1
21,152308,4,829,13450,1679208,36,Self-employed,Tier 3,1
42,164920,9,738,9491,1407368,60,Self-employed,Tier 3,1
46,20352,19,677,9268,1361775,60,Salaried,Tier 2,1
38,151004,5,556,27757,125582,12,Self-employed,Tier 3,1
34,94449,15,596,41907,1331035,60,Salaried,Tier 2,0
49,26556,2,602,6791,655502,12,Salaried,Tier 2,1
32,104836,9,736,39939,488092,12,Self-employed,Tier 1,1
56,154570,10,587,28314,1610155,84,Self-employed,Tier 1,0
55,225190,10,775,28583,797520,48,Salaried,Tier 2,1
32,68098,16,602,21550,1992962,48,Salaried,Tier 1,1
27,213458,3,773,93,1661589,84,Salaried,Tier 1,1
49,130169,3,703,35755,448471,48,Salaried,Tier 3,1
31,158641,16,597,45615,518163,24,Self-employed,Tier 1,1
53,144060,8,696,9967,889812,48,Self-employed,Tier 2,1
26,205954,18,613,16218,820008,12,Salaried,Tier 1,1
35,219465,4,731,43220,627621,72,Salaried,Tier 3,1
52,148544,5,674,8627,354603,72,Self-employed,Tier 2,1
31,18340,2,728,4947,952950,36,Salaried,Tier 1,1
43,193021,0,588,39419,1884774,48,Self-employed,Tier 2,0
46,100302,19,809,23178,348307,72,Salaried,Tier 1,1
54,211515,15,552,28876,1263619,48,Self-employed,Tier 3,1
54,240740,10,613,22908,1588563,36,Salaried,Tier 1,1
49,223099,12,578,35912,1819085,72,Salaried,Tier 2,1
24,18138,9,560,19971,1094654,12,Salaried,Tier 2,0
37,149430,2,646,32584,1445450,24,Self-employed,Tier 2,0
55,137619,8,752,49228,331620,84,Self-employed,Tier 1,1
33,224322,11,570,8959,1429300,84,Salaried,Tier 1,0
59,103376,13,588,28261,1350407,84,Salaried,Tier 1,1
35,117931,0,772,41065,942008,48,Salaried,Tier 3,1
49,179726,17,651,39462,398737,72,Salaried,Tier 3,1
49,174951,16,595,15835,774410,72,Self-employed,Tier 3,1
31,99532,8,615,19257,1305174,36,Self-employed,Tier 2,0
52,73778,8,640,3346,1596288,12,Self-employed,Tier 2,0
22,55772,9,713,30807,1994079,60,Salaried,Tier 2,0
34,76478,18,660,30418,1737696,72,Salaried,Tier 2,1
40,213425,14,672,11340,1499299,24,Self-employed,Tier 2,1
42,44762,4,742,33012,1562185,36,Salaried,Tier 1,1
31,162355,14,648,35393,717478,72,Self-employed,Tier 2,1
47,212994,19,840,36617,231601,72,Self-employed,Tier 1,1
23,188492,1,708,9597,118682,36,Self-employed,Tier 3,1
37,73568,12,652,25557,1321585,36,Self-employed,Tier 3,0
48,103090,15,830,7737,497392,48,Salaried,Tier 3,1
49,38219,14,592,46792,1345129,72,Self-employed,Tier 3,0
41,75169,9,633,44768,1452433,60,Salaried,Tier 3,1
36,249527,13,740,41101,1464780,24,Self-employed,Tier 2,1
57,92965,9,600,17276,709774,12,Self-employed,Tier 2,1
40,195912,13,759,7310,1181606,12,Self-employed,Tier 2,1
26,193767,8,675,35167,1218936,60,Self-employed,Tier 3,1
39,102754,13,618,37408,1970981,36,Salaried,Tier 3,1
25,95988,2,814,19344,709297,36,Salaried,Tier 1,1
23,207414,19,807,10391,1921739,36,Salaried,Tier 2,1
21,168023,15,737,10892,1054366,72,Salaried,Tier 3,1
58,150379,1,779,11197,744025,36,Self-employed,Tier 3,1
35,98388,9,738,13050,517726,36,Salaried,Tier 3,1
54,108768,2,559,36142,1604473,72,Salaried,Tier 1,0
55,53428,10,663,45679,985004,72,Self-employed,Tier 3,0
45,110021,10,625,41615,1212936,60,Salaried,Tier 1,1
44,136418,20,713,47553,1362470,48,Salaried,Tier 1,1
32,224846,20,634,43728,639306,72,Salaried,Tier 2,1
38,188047,12,598,13535,1092960,24,Salaried,Tier 3,1
35,150212,6,726,41002,1495819,36,Self-employed,Tier 1,1
36,173914,16,767,43271,1863768,48,Self-employed,Tier 3,1
47,44421,1,738,5122,186817,12,Salaried,Tier 2,1
28,19708,11,779,9852,242803,60,Self-employed,Tier 2,1
45,152702,9,804,5387,1709848,48,Salaried,Tier 1,1
37,168667,17,785,31759,1992991,72,Salaried,Tier 2,1
49,94021,10,575,40399,864883,36,Salaried,Tier 2,0
28,177380,15,621,39994,405887,36,Self-employed,Tier 2,0
35,62789,16,810,37876,907906,36,Self-employed,Tier 3,1
47,204762,18,803,34878,1815472,48,Self-employed,Tier 3,1
27,44086,17,820,33725,1110726,36,Self-employed,Tier 1,1
23,34859,2,672,7146,849838,72,Self-employed,Tier 1,1
49,25684,20,693,560,1249429,48,Self-employed,Tier 2,1
44,109088,15,806,1312,1287065,36,Salaried,Tier 2,1
23,150279,5,693,18205,952479,12,Self-employed,Tier 1,1
40,64099,11,808,11595,1988165,12,Salaried,Tier 2,1
35,216568,10,596,22030,1641189,24,Salaried,Tier 1,1
45,84093,14,562,21329,249756,36,Self-employed,Tier 3,0
50,178761,14,757,38142,1979423,36,Salaried,Tier 2,1
34,66651,15,784,2651,1606339,48,Salaried,Tier 2,1
27,31893,9,698,10006,1827405,48,Salaried,Tier 2,1
37,246880,11,704,42701,67669,84,Self-employed,Tier 3,1
40,84418,12,715,48940,963817,36,Self-employed,Tier 3,0
56,143074,3,639,35645,384154,24,Salaried,Tier 2,1
29,121065,6,735,21966,1604775,36,Self-employed,Tier 1,1
58,148351,1,723,27846,257836,72,Salaried,Tier 3,1
42,209083,14,766,21774,1590866,48,Self-employed,Tier 2,1
22,56635,7,813,4083,182915,36,Salaried,Tier 2,1
44,205187,6,646,33513,246681,48,Salaried,Tier 3,1
28,113071,14,666,8749,625100,36,Self-employed,Tier 1,1
31,227477,13,748,30783,852491,60,Self-employed,Tier 2,1
33,221774,7,570,17325,1446989,48,Self-employed,Tier 1,1
37,96518,11,749,18680,827150,24,Self-employed,Tier 1,1
28,124233,12,797,17323,1270416,60,Self-employed,Tier 3,1
41,121651,10,825,22684,75395,72,Salaried,Tier 2,1
38,90805,16,813,34493,1380922,36,Salaried,Tier 2,1
50,208026,16,607,12213,980777,84,Salaried,Tier 1,1
38,177136,3,580,31831,1328283,72,Self-employed,Tier 3,1
51,140813,20,798,42296,821469,48,Self-employed,Tier 3,1
58,97063,7,642,46930,1826984,60,Salaried,Tier 3,0
52,20454,4,814,27713,274839,72,Salaried,Tier 1,1
31,38878,15,820,41621,1318458,24,Salaried,Tier 1,1
45,200170,3,643,7187,1726099,84,Salaried,Tier 2,1
53,211226,14,703,32800,1668374,48,Self-employed,Tier 3,1
58,162063,11,834,32583,1710809,60,Salaried,Tier 1,1
28,86344,4,629,47661,1341378,72,Self-employed,Tier 3,0
31,122946,15,841,14408,824456,60,Salaried,Tier 1,1
42,54593,13,633,22369,907081,60,Self-employed,Tier 2,1
44,54304,9,586,47928,943155,72,Self-employed,Tier 3,0
37,179458,6,781,3414,577169,12,Self-employed,Tier 1,1
32,204292,12,642,19510,882345,36,Self-employed,Tier 3,1
52,131613,19,651,12120,1734724,48,Salaried,Tier 1,1
35,218410,4,715,34311,921217,48,Salaried,Tier 1,1
36,243361,2,708,33039,508253,84,Salaried,Tier 1,1
42,170155,14,563,5295,1947465,84,Self-employed,Tier 3,0
48,36354,3,774,20460,216415,84,Salaried,Tier 1,1
40,40190,14,622,14963,1554181,48,Salaried,Tier 2,1
53,24142,13,798,11580,521466,60,Salaried,Tier 3,1
30,177470,19,640,22286,1238304,84,Self-employed,Tier 2,1
60,201043,18,765,27328,1366461,72,Self-employed,Tier 2,1
52,59862,12,639,19093,197733,36,Self-employed,Tier 3,0
53,247740,9,578,21605,1982099,24,Salaried,Tier 1,1
22,202482,20,769,45365,865122,48,Salaried,Tier 2,1
53,168575,4,764,44813,344977,72,Salaried,Tier 3,1
53,143438,19,770,46371,676854,36,Self-employed,Tier 1,1
33,66456,19,591,42705,1169816,36,Salaried,Tier 3,0
50,118167,5,684,47598,681186,12,Self-employed,Tier 3,1
53,100035,3,591,6722,1438431,72,Self-employed,Tier 3,0
33,26016,1,713,40969,1024645,48,Self-employed,Tier 1,1
46,20384,15,832,36912,259304,84,Self-employed,Tier 2,1
42,211392,17,607,38374,1924031,60,Salaried,Tier 2,1
59,164144,4,574,6766,1925217,84,Salaried,Tier 3,1
22,120239,3,622,49882,405734,36,Self-employed,Tier 3,1
58,129431,12,678,15928,1971620,36,Salaried,Tier 1,1
59,98018,18,636,21274,1179098,24,Self-employed,Tier 3,1
46,58510,1,702,34416,423798,84,Salaried,Tier 3,0
35,198005,12,731,20612,719800,12,Salaried,Tier 3,1
54,39826,10,674,34898,169107,36,Self-employed,Tier 2,0
60,86026,3,616,47160,451176,36,Self-employed,Tier 3,0
31,139668,19,555,29047,1121038,60,Self-employed,Tier 2,1
23,174590,19,674,43356,1093423,60,Self-employed,Tier 1,1
26,42045,14,602,37134,1902829,24,Salaried,Tier 1,0
29,199948,3,615,1506,470474,72,Self-employed,Tier 2,1
26,241518,8,631,15222,142889,24,Salaried,Tier 2,1
29,108102,6,636,12363,138952,24,Self-employed,Tier 2,1
59,69919,18,551,19613,767884,60,Salaried,Tier 2,0
51,117441,18,753,44563,465331,84,Self-employed,Tier 3,1
52,176175,5,699,30628,954498,84,Salaried,Tier 2,1
32,185260,5,842,42626,751793,84,Salaried,Tier 2,1
28,154917,19,652,45384,271576,72,Salaried,Tier 2,1
28,235770,14,573,4136,1055771,60,Self-employed,Tier 3,1
48,185746,14,761,46246,793681,12,Self-employed,Tier 3,1
40,136325,19,614,11161,548149,48,Self-employed,Tier 3,1
27,37337,8,758,35457,915796,48,Self-employed,Tier 1,1
31,171385,3,800,23574,906509,12,Salaried,Tier 3,1
40,176015,17,666,26902,352788,84,Salaried,Tier 2,1
36,95949,17,665,2810,374787,48,Salaried,Tier 3,1
24,18276,4,786,11663,1374031,72,Self-employed,Tier 3,1
26,69151,19,654,6152,1090725,60,Salaried,Tier 2,1
42,166683,10,808,12,304084,48,Salaried,Tier 3,1
46,161016,4,595,11162,179466,72,Self-employed,Tier 1,0
23,70887,3,765,22322,1129107,60,Self-employed,Tier 3,1
34,99442,11,850,7999,64588,72,Salaried,Tier 1,1
31,67847,1,573,7219,1934424,12,Self-employed,Tier 1,0
38,76653,12,584,5328,193452,24,Self-employed,Tier 1,1
32,235144,9,573,3621,1796581,12,Self-employed,Tier 2,0
43,74622,8,577,24256,1509610,48,Self-employed,Tier 3,0
32,45810,9,565,44433,1260505,60,Salaried,Tier 1,0
33,95842,6,608,11314,1644575,72,Salaried,Tier 1,0
45,140225,3,792,652,710457,48,Salaried,Tier 3,1
39,28503,18,756,16182,1782329,48,Salaried,Tier 2,0
56,102761,9,820,41580,1907084,24,Salaried,Tier 2,1
28,186048,2,798,36558,1444994,84,Self-employed,Tier 1,1
49,144439,20,816,15659,369753,48,Salaried,Tier 2,1
52,29590,18,742,34413,1783253,24,Salaried,Tier 3,1
38,159958,20,767,10435,1596557,60,Self-employed,Tier 2,1
26,161938,1,664,28067,1157056,60,Self-employed,Tier 3,1
38,84624,19,617,22258,843476,72,Self-employed,Tier 1,1
39,217971,9,848,28287,1038537,84,Salaried,Tier 3,1
42,181864,1,624,3688,824597,24,Self-employed,Tier 1,1
57,158836,1,652,7689,105486,12,Self-employed,Tier 3,1
52,138356,16,846,1379,1153738,60,Self-employed,Tier 3,1
23,235228,15,727,37011,784647,84,Salaried,Tier 2,1
48,60727,15,764,43005,79882,72,Self-employed,Tier 3,1
30,96471,13,588,27624,628366,12,Self-employed,Tier 1,1
55,26068,6,808,25964,895166,60,Salaried,Tier 3,1
49,134923,20,753,22891,1337256,60,Self-employed,Tier 1,1
35,156367,10,556,49098,1731594,72,Salaried,Tier 1,0
53,190232,0,598,38379,224898,72,Salaried,Tier 3,1
27,29390,10,575,12516,1448705,36,Self-employed,Tier 2,0
32,124752,20,710,13886,356172,48,Salaried,Tier 3,1
50,169203,3,725,20307,562871,48,Self-employed,Tier 3,1
41,112754,6,628,24843,673226,12,Self-employed,Tier 2,1
51,93969,14,551,46484,692607,48,Self-employed,Tier 1,0
44,164110,17,681,5912,606831,12,Self-employed,Tier 3,1
40,201399,11,825,21514,698567,84,Salaried,Tier 2,1
57,242790,16,666,21823,79362,60,Self-employed,Tier 2,1
24,95064,0,713,28797,470531,36,Self-employed,Tier 1,1
48,39281,10,837,6449,208818,36,Self-employed,Tier 2,1
40,72189,0,577,1725,453273,60,Salaried,Tier 1,0
44,66511,14,550,15870,1341297,72,Salaried,Tier 3,1
52,140115,20,737,9304,879347,24,Self-employed,Tier 2,1
56,26605,9,605,7522,988565,24,Salaried,Tier 3,1
54,118318,6,584,13663,1936378,48,Salaried,Tier 2,0
56,150453,1,661,4784,739517,72,Self-employed,Tier 2,1
22,215706,9,835,9472,423519,12,Self-employed,Tier 3,1
35,37810,3,585,28952,1240970,84,Self-employed,Tier 2,0
54,173394,11,766,10055,1692676,36,Self-employed,Tier 3,1
56,59869,18,629,29508,521058,48,Self-employed,Tier 3,1
26,50955,10,632,12676,870449,60,Salaried,Tier 1,0
59,79388,7,614,25192,893224,72,Self-employed,Tier 3,0
32,28207,17,677,24722,995246,36,Self-employed,Tier 1,0
23,236401,10,571,7446,1326784,12,Self-employed,Tier 3,1
38,216700,10,765,4725,1087904,12,Self-employed,Tier 2,1
60,177292,12,656,20061,1489918,24,Self-employed,Tier 3,1
41,233122,2,658,47537,1902637,48,Salaried,Tier 2,1
35,223157,11,730,22671,1751478,60,Self-employed,Tier 1,1
53,40031,2,713,1409,146950,36,Salaried,Tier 2,1
55,219793,9,617,8205,224942,84,Self-employed,Tier 3,0
46,98807,16,841,16365,1163405,12,Self-employed,Tier 2,1
28,89312,1,729,256,819890,36,Self-employed,Tier 1,1
56,77766,16,730,15704,1633452,60,Salaried,Tier 2,0
50,161521,15,718,29902,941712,36,Self-employed,Tier 2,1
43,107833,1,571,35758,546195,48,Self-employed,Tier 3,0
34,205771,19,615,1195,1401441,24,Self-employed,Tier 3,1
34,230325,5,570,34012,742505,36,Self-employed,Tier 2,1
22,129041,9,649,11415,322743,72,Self-employed,Tier 1,1
57,134185,9,849,39534,384738,24,Self-employed,Tier 2,1
25,195164,7,652,21686,525958,60,Self-employed,Tier 1,1
58,212743,0,596,11662,782790,24,Salaried,Tier 1,1
34,28350,12,588,48978,1756875,36,Self-employed,Tier 1,0
59,245230,8,834,28743,302856,36,Self-employed,Tier 2,1
45,118859,9,639,32161,334293,72,Self-employed,Tier 1,1
40,86487,14,634,43081,771927,12,Salaried,Tier 2,0
22,166694,4,822,2402,1239856,72,Salaried,Tier 1,1
59,141853,15,737,49648,247170,36,Self-employed,Tier 1,1
26,219335,12,708,13275,1469754,84,Salaried,Tier 2,1
37,71117,19,792,28182,1279140,24,Self-employed,Tier 3,1
45,207466,17,622,14915,1119527,72,Self-employed,Tier 3,1
48,119084,10,598,909,229992,72,Salaried,Tier 2,1
22,41782,8,650,48574,621054,84,Self-employed,Tier 2,0
55,46454,15,551,372,1942022,84,Salaried,Tier 3,0
57,85904,1,793,22620,1257999,84,Salaried,Tier 3,1
25,147936,1,725,34112,527432,12,Salaried,Tier 3,1
21,164664,11,787,8515,1541178,36,Self-employed,Tier 2,1
60,171245,7,608,2431,661410,36,Self-employed,Tier 1,1
32,182276,8,648,21054,845740,60,Self-employed,Tier 2,1
56,184668,11,551,32624,895684,12,Self-employed,Tier 3,1
43,183396,8,792,10585,518361,60,Self-employed,Tier 1,1
51,140258,9,846,48230,1062535,60,Self-employed,Tier 2,1
31,129668,1,760,31958,1181787,60,Self-employed,Tier 3,1
30,210274,15,672,1695,1519856,48,Salaried,Tier 2,1
23,238472,19,778,34675,497095,60,Self-employed,Tier 1,1
34,142184,6,631,49932,1225110,72,Self-employed,Tier 3,0
36,179822,1,693,33787,583008,24,Self-employed,Tier 2,1
30,225184,0,689,44225,438348,72,Salaried,Tier 1,1
49,34566,18,578,1403,1534732,72,Salaried,Tier 1,1
30,156262,3,819,17810,654281,36,Salaried,Tier 2,1
32,237679,1,796,8855,1035979,48,Self-employed,Tier 1,1
50,56333,13,561,38636,359257,60,Salaried,Tier 3,0
21,139929,1,655,10839,885358,36,Salaried,Tier 1,1
25,229977,14,581,10,1529995,12,Self-employed,Tier 2,1
40,107571,11,623,39098,1842837,12,Self-employed,Tier 3,0
28,138263,4,720,47829,1648769,36,Self-employed,Tier 1,1
32,150661,19,618,9230,254580,24,Salaried,Tier 1,1
21,43235,6,850,40232,624673,36,Self-employed,Tier 3,1
40,18159,20,686,47514,1129229,36,Self-employed,Tier 3,0
48,161217,9,649,35771,1190441,48,Self-employed,Tier 1,1
57,229981,13,695,29256,1576512,12,Self-employed,Tier 3,1
57,180993,13,558,25651,700101,12,Self-employed,Tier 2,0
32,122859,4,611,32383,1244447,60,Self-employed,Tier 1,0
57,165309,17,734,39963,1814039,72,Salaried,Tier 2,1
48,125507,13,578,13662,298535,36,Self-employed,Tier 1,0
35,157316,1,663,13739,1637916,36,Salaried,Tier 2,1
26,32743,11,692,48356,187116,24,Salaried,Tier 2,1
40,246174,5,669,1789,200943,84,Self-employed,Tier 3,1
34,64101,3,719,19420,270375,84,Salaried,Tier 1,1
22,139534,12,706,23761,555935,12,Salaried,Tier 3,1
29,102227,3,809,40366,1644245,24,Salaried,Tier 3,1
57,248604,13,631,37606,1771210,48,Self-employed,Tier 1,1
40,205450,15,791,38640,817522,60,Salaried,Tier 2,1
46,89126,3,721,44135,1055344,24,Salaried,Tier 1,1
49,74071,0,780,37067,1878881,12,Salaried,Tier 1,1
21,220193,12,757,17357,395252,48,Salaried,Tier 1,1
55,92763,3,624,39851,1333596,36,Self-employed,Tier 3,0
26,242886,19,819,38262,99892,48,Self-employed,Tier 1,1
57,161309,17,663,11317,231593,72,Salaried,Tier 1,1
25,164721,5,611,21534,927933,24,Self-employed,Tier 1,1
53,186785,2,651,25734,789280,12,Self-employed,Tier 2,1
34,222535,12,759,35897,395535,24,Salaried,Tier 2,1
32,194481,15,804,32872,330064,36,Self-employed,Tier 2,1
40,197838,4,569,40201,1901710,84,Self-employed,Tier 2,0
44,64154,3,607,7689,1354792,36,Salaried,Tier 3,1
54,25016,20,661,3567,1070961,12,Salaried,Tier 3,1
45,228635,7,745,20732,1886902,72,Self-employed,Tier 1,1
49,197760,18,641,20774,1915993,60,Self-employed,Tier 3,1
59,107678,13,601,23195,1257935,48,Self-employed,Tier 2,1
51,130056,6,842,37412,833059,48,Self-employed,Tier 1,1
43,72238,13,557,47734,175702,36,Salaried,Tier 1,0
58,76608,5,849,44098,123527,24,Salaried,Tier 2,1
40,107081,11,647,22257,1245087,84,Salaried,Tier 2,1
43,180969,15,785,4394,965108,24,Salaried,Tier 2,1
36,68961,16,618,36302,799980,72,Salaried,Tier 3,0
28,217775,12,594,22228,878667,60,Self-employed,Tier 1,1
41,193829,13,686,12388,733019,24,Self-employed,Tier 2,1
21,44917,6,783,11319,337120,48,Salaried,Tier 1,0
28,171808,13,581,6475,1333887,84,Salaried,Tier 1,1
49,45990,14,838,31555,919075,24,Salaried,Tier 3,1
52,80551,11,675,18158,773225,84,Self-employed,Tier 1,1
58,207233,16,616,14728,1468351,60,Self-employed,Tier 2,1
25,228695,8,579,44774,773666,48,Self-employed,Tier 2,0
42,171512,14,663,29545,1679561,84,Salaried,Tier 1,1
54,184277,11,753,31100,644670,24,Salaried,Tier 1,1
21,98811,1,578,16150,853083,48,Salaried,Tier 3,0
46,73103,4,680,33214,230116,36,Salaried,Tier 2,1
30,219884,12,734,32876,64633,36,Salaried,Tier 2,1
50,190699,19,802,3239,129164,72,Self-employed,Tier 1,1
38,124122,7,835,38699,837001,36,Salaried,Tier 1,1
37,37008,13,611,36821,503116,24,Self-employed,Tier 1,0
46,220346,14,552,30615,903941,60,Self-employed,Tier 2,1
28,50402,10,617,13746,173425,48,Self-employed,Tier 1,1
60,202456,0,574,20921,1986134,84,Self-employed,Tier 3,0
32,154865,20,728,22745,824508,12,Self-employed,Tier 3,1
47,154643,2,690,1245,1488242,36,Salaried,Tier 1,1
28,245939,16,780,46607,345182,36,Salaried,Tier 3,1
45,165281,18,849,24853,1278736,12,Salaried,Tier 3,1
24,131550,13,712,27632,1302825,84,Self-employed,Tier 3,1
53,240002,7,679,12856,255538,84,Self-employed,Tier 3,1
21,192220,12,795,5105,515432,12,Self-employed,Tier 3,1
39,109218,19,846,35690,772153,84,Self-employed,Tier 2,1
51,151296,2,721,2513,1565578,24,Self-employed,Tier 1,1
36,197767,4,613,2801,1398858,84,Self-employed,Tier 3,1
34,138779,8,580,32345,1030814,48,Salaried,Tier 1,1
25,147714,5,596,13895,251466,84,Self-employed,Tier 3,1
46,50441,1,679,39749,1074389,36,Self-employed,Tier 2,1
48,188201,12,659,8221,522243,60,Salaried,Tier 2,1
22,249324,4,618,6038,1582622,24,Self-employed,Tier 3,1
26,80368,7,607,32031,1285799,24,Salaried,Tier 3,0
29,110122,0,655,15082,947172,84,Salaried,Tier 3,0
53,62760,19,849,14648,1734038,60,Salaried,Tier 2,1
45,41478,11,805,364,361416,60,Self-employed,Tier 2,1
33,145881,10,720,34568,187980,72,Salaried,Tier 1,1
29,89854,6,711,14110,454060,60,Salaried,Tier 2,1
33,112230,14,835,5958,887887,84,Self-employed,Tier 3,1
51,103716,10,620,9096,1070669,84,Salaried,Tier 1,1
31,161252,15,804,7436,1691311,12,Self-employed,Tier 2,1
24,116538,2,604,21177,779887,36,Self-employed,Tier 2,1
54,33372,19,552,26754,1437828,72,Salaried,Tier 3,0
58,47796,13,575,24544,486282,84,Self-employed,Tier 1,0
24,207344,2,675,12638,276301,12,Self-employed,Tier 2,1
58,239035,0,602,179,1007508,72,Salaried,Tier 2,1
39,116826,20,747,3873,874765,36,Salaried,Tier 3,1
26,138592,14,848,17570,957651,72,Salaried,Tier 1,1
54,111635,0,737,48223,1443749,12,Salaried,Tier 1,1
38,129022,16,735,17157,1400417,48,Self-employed,Tier 1,1
33,72040,1,847,45565,1902642,84,Salaried,Tier 1,1
43,93357,19,753,4460,961952,36,Salaried,Tier 3,1
39,220440,5,560,48084,1909569,24,Salaried,Tier 2,0
31,96356,7,695,352,461249,36,Self-employed,Tier 2,1
21,34211,15,634,21586,1040391,36,Self-employed,Tier 1,0
44,123426,18,649,5344,105063,36,Self-employed,Tier 1,1
27,23842,0,653,4507,1910929,48,Self-employed,Tier 1,0
45,212187,2,595,37598,593628,84,Self-employed,Tier 2,0
41,84852,2,593,43988,637069,12,Salaried,Tier 2,0
35,143737,4,827,32885,1899909,84,Self-employed,Tier 1,1
21,63968,11,730,16865,1109214,24,Self-employed,Tier 3,1
32,35508,11,736,37055,267986,12,Self-employed,Tier 2,1
27,171077,19,663,27213,1405044,72,Salaried,Tier 2,1
35,72575,12,804,4477,1449076,72,Salaried,Tier 1,1
41,229814,19,579,6533,271668,72,Self-employed,Tier 3,1
39,168043,8,813,49395,344786,12,Salaried,Tier 1,1
49,174671,6,647,23396,565518,60,Self-employed,Tier 1,1
45,236664,3,664,12755,599666,48,Salaried,Tier 3,1
53,84914,18,825,865,1935875,60,Salaried,Tier 3,1
52,85055,18,830,11173,1434406,84,Self-employed,Tier 3,1
55,105697,5,824,38097,355019,72,Salaried,Tier 2,1
58,124239,12,810,33371,1216747,48,Self-employed,Tier 1,1
46,141106,10,756,38524,1460781,12,Self-employed,Tier 2,1
31,23355,12,760,11254,1837665,72,Self-employed,Tier 3,1
55,72120,12,764,4018,638665,12,Salaried,Tier 2,1
28,223691,19,589,5192,834627,48,Salaried,Tier 3,1
34,56342,14,575,2015,628979,12,Self-employed,Tier 3,0
30,235064,20,576,42618,1088240,12,Self-employed,Tier 1,1
22,227932,12,739,3380,1556095,24,Salaried,Tier 1,1
29,20257,10,632,28343,1552631,84,Self-employed,Tier 1,0
23,45364,18,719,3770,361207,60,Salaried,Tier 2,1
41,174044,7,716,5829,666070,60,Salaried,Tier 1,1
46,129715,19,737,34381,1882760,60,Salaried,Tier 3,1
28,44654,7,718,45915,128343,36,Self-employed,Tier 1,1
22,229841,9,838,15545,395215,24,Self-employed,Tier 2,1
26,99423,15,778,18263,972996,72,Salaried,Tier 1,1
48,47320,18,646,38140,695687,72,Self-employed,Tier 1,1
49,38808,10,565,43306,605645,72,Self-employed,Tier 1,0
46,70389,12,828,25675,1563630,60,Salaried,Tier 2,1
45,244762,8,684,25362,1917322,84,Salaried,Tier 3,1
32,136581,19,575,148,491913,60,Self-employed,Tier 3,0
25,145927,18,561,1754,644571,84,Salaried,Tier 3,0
54,52773,15,621,26745,109567,24,Self-employed,Tier 1,1
57,200240,6,682,7378,359150,84,Salaried,Tier 1,1
35,176819,18,655,46359,287778,12,Salaried,Tier 2,1
56,94396,11,769,20140,1240334,60,Self-employed,Tier 3,1
35,125692,14,726,9371,1684470,72,Self-employed,Tier 1,1
43,232764,13,831,26999,1379611,12,Self-employed,Tier 1,1
26,75505,10,682,12779,1543907,60,Self-employed,Tier 1,1
41,103896,9,571,31075,676020,48,Self-employed,Tier 2,0
43,36135,10,818,30697,766079,36,Salaried,Tier 3,1
36,108887,5,710,9795,1062968,60,Salaried,Tier 2,1
35,140118,1,656,38460,1040534,48,Self-employed,Tier 3,0
45,245107,10,828,4218,1004227,24,Salaried,Tier 3,1
56,65377,18,784,37571,866309,48,Self-employed,Tier 1,1
31,172626,5,567,11672,299465,24,Salaried,Tier 1,0
35,80491,13,791,31042,274589,60,Salaried,Tier 1,1
24,204693,19,666,35950,588314,24,Self-employed,Tier 1,1
41,76283,5,835,11009,1381142,48,Self-employed,Tier 1,1
33,234212,16,831,47096,345625,84,Self-employed,Tier 3,1
42,34923,9,693,19544,1974188,36,Salaried,Tier 1,1
39,65591,0,754,29381,683672,12,Self-employed,Tier 1,1
54,80261,2,588,25287,1351347,12,Self-employed,Tier 2,0
34,72336,7,703,2586,108031,36,Self-employed,Tier 2,1
24,92083,7,725,2648,1968135,72,Self-employed,Tier 3,0
47,78948,19,790,40081,404398,12,Self-employed,Tier 3,1
49,182074,14,683,18101,642520,60,Self-employed,Tier 2,1
48,229170,6,595,45312,1765948,72,Salaried,Tier 2,1
55,222088,10,599,21692,392368,60,Salaried,Tier 1,1
28,44672,6,715,7407,466673,48,Salaried,Tier 1,1
36,22213,3,655,17254,513788,48,Salaried,Tier 3,1
56,159365,11,765,15234,810791,72,Self-employed,Tier 2,1
50,249049,5,695,22211,1914968,72,Self-employed,Tier 3,1
38,204932,13,621,29480,1069526,72,Salaried,Tier 1,1
22,80507,11,822,47780,137695,72,Salaried,Tier 3,1
33,75134,10,796,24846,1228642,24,Salaried,Tier 3,1
24,151172,18,735,42503,1237558,84,Self-employed,Tier 3,1
46,211069,20,619,46193,1363413,72,Self-employed,Tier 1,0
45,46172,4,699,48466,1738177,84,Self-employed,Tier 3,0
50,38132,13,795,15321,603098,72,Salaried,Tier 1,1
31,36199,20,811,12646,594380,48,Salaried,Tier 2,1
27,54609,15,575,22117,1580571,60,Salaried,Tier 3,0
51,192037,12,689,4893,1680969,84,Salaried,Tier 3,1
30,157088,19,648,9476,1784441,48,Salaried,Tier 1,1
59,188851,3,827,17270,1302876,12,Self-employed,Tier 3,1
33,49881,10,600,21702,340699,24,Self-employed,Tier 1,0
51,231666,16,700,4382,646222,24,Self-employed,Tier 3,1
27,42472,6,653,1785,1695652,60,Self-employed,Tier 2,1
56,249534,13,638,45798,913689,72,Self-employed,Tier 2,1
40,200885,10,690,11735,1902947,48,Salaried,Tier 2,1
24,249440,8,762,30177,1503617,12,Self-employed,Tier 3,1
27,185093,12,782,30712,1582579,48,Salaried,Tier 3,1
21,72131,17,732,16679,545707,72,Self-employed,Tier 2,1
33,173159,10,800,43013,205223,72,Salaried,Tier 2,1
42,30828,14,558,35365,1750932,36,Salaried,Tier 1,0
41,210682,18,628,17064,1622900,48,Salaried,Tier 1,1
42,114664,0,601,30563,1454668,60,Salaried,Tier 2,1
48,150473,3,818,33092,1968715,48,Salaried,Tier 2,1
29,234251,13,775,47928,613339,24,Salaried,Tier 3,1
46,33193,13,600,26867,541513,12,Self-employed,Tier 2,0
29,241461,2,735,45382,130738,84,Salaried,Tier 1,1
35,193936,16,583,33754,385740,60,Salaried,Tier 1,1
30,169379,2,840,19502,1682935,36,Self-employed,Tier 1,1
44,120518,15,779,760,180613,12,Salaried,Tier 1,1
28,37611,13,680,24142,123601,12,Self-employed,Tier 1,1
44,192863,19,669,44653,1128449,84,Self-employed,Tier 1,1
36,161022,12,796,41996,1790584,24,Salaried,Tier 2,1
46,94240,14,741,17290,1170044,24,Salaried,Tier 1,1
47,226475,13,759,5499,862902,24,Self-employed,Tier 1,1
57,20745,18,652,364,1819065,60,Salaried,Tier 1,1
24,73243,5,682,19797,1106904,48,Self-employed,Tier 1,1
44,21866,9,688,40795,187405,12,Salaried,Tier 2,1
39,181317,14,670,32535,825807,48,Self-employed,Tier 3,1
56,193796,20,643,46300,171173,48,Salaried,Tier 3,1
59,146681,19,678,47176,96638,24,Salaried,Tier 3,1
30,89354,5,640,16105,847700,48,Self-employed,Tier 3,1
45,69374,9,641,7939,1300251,12,Self-employed,Tier 1,1
38,132397,6,612,13936,1212496,12,Self-employed,Tier 3,0
39,142577,16,578,42029,1995387,72,Self-employed,Tier 3,0
56,179188,17,759,15863,460261,36,Salaried,Tier 2,1
30,99029,16,561,12561,1794677,60,Self-employed,Tier 2,0
53,111574,8,846,10447,1534562,48,Self-employed,Tier 2,1
25,169519,9,679,30624,57887,60,Salaried,Tier 1,1
55,48431,9,842,46940,803266,60,Salaried,Tier 1,1
54,166980,6,722,44646,1072658,60,Self-employed,Tier 1,1
53,47336,15,757,12411,1123494,84,Salaried,Tier 2,1
41,58992,17,573,19465,871929,72,Self-employed,Tier 3,0
37,73350,5,648,38216,405706,60,Salaried,Tier 2,1
42,87561,19,688,19642,766369,72,Self-employed,Tier 1,1
57,69955,0,723,31262,1372649,12,Salaried,Tier 2,1
35,79240,0,578,30363,1605084,84,Self-employed,Tier 3,0
55,169165,11,692,2107,1725065,48,Self-employed,Tier 1,1
48,155227,20,591,7928,570337,72,Salaried,Tier 3,0
27,64607,1,848,48002,1067977,36,Salaried,Tier 3,1
52,182559,3,757,19317,784459,60,Self-employed,Tier 1,1
31,204740,16,741,49078,1477286,84,Self-employed,Tier 3,1
30,170035,3,709,25017,340690,36,Salaried,Tier 2,1
29,199196,10,613,13528,1088646,12,Salaried,Tier 3,1
34,70870,3,792,13313,259496,12,Salaried,Tier 3,1
33,205619,0,807,1559,742698,24,Salaried,Tier 3,1
45,82110,6,701,15167,1526075,60,Salaried,Tier 2,1
22,202626,17,764,15343,656782,24,Salaried,Tier 3,1
55,170008,8,715,38598,1569962,84,Salaried,Tier 3,1
27,134895,2,580,7523,1838723,36,Salaried,Tier 2,1
41,22426,7,781,49777,358710,48,Salaried,Tier 1,1
38,237911,18,831,28439,397608,24,Self-employed,Tier 1,1
23,45606,3,578,15524,1856717,12,Salaried,Tier 1,0
59,196904,17,744,13285,1226855,60,Salaried,Tier 3,1
31,46151,19,805,10973,131991,36,Self-employed,Tier 1,1
59,228375,10,830,22694,404824,72,Self-employed,Tier 2,1
44,29308,13,843,35774,1388733,84,Self-employed,Tier 3,1
39,211594,17,636,4302,1150708,84,Self-employed,Tier 3,1
24,194743,15,698,22391,305069,12,Self-employed,Tier 3,1
46,108306,2,798,4611,535714,72,Self-employed,Tier 1,1
58,243180,14,832,9372,733444,84,Salaried,Tier 1,1
52,124984,3,747,24312,1992863,48,Self-employed,Tier 1,1
59,20204,4,593,14080,726503,60,Self-employed,Tier 3,0
56,110769,16,577,15082,1190203,48,Self-employed,Tier 2,1
60,105265,6,566,47409,172772,84,Salaried,Tier 3,1
57,49131,15,676,42861,1327991,48,Self-employed,Tier 2,0
53,70428,13,717,30677,1026230,84,Salaried,Tier 3,1
56,51870,15,793,20874,715582,60,Self-employed,Tier 2,1
23,121547,6,625,8378,1027469,60,Self-employed,Tier 3,0
